kecamatan,jumlah_penduduk,kepadatan_penduduk,total_kunjungan,visits_per_1000,total_tenaga_kesehatan,nakes_per_1000,jumlah_perawat,perawat_per_1000,jumlah_bidan,bidan_per_1000,jumlah_tenaga_medis,doctors_per_1000,total_faskes,faskes_per_100k,jumlah_puskesmas,puskesmas_per_100k,jumlah_pustu,pustu_per_100k,total_tempat_tidur,beds_per_1000,total_kasus_penyakit,disease_per_1000,workforce_growth,demand_growth,workforce_demand_mismatch,jenis_penyakit_dominan,kasus_penyakit_tertinggi,jumlah_jenis_penyakit,distance_to_facility,travel_time,accessibility_gap
Asemrowo,48.8,3245,42515.0,871.2090163934427,88.0,1.8032786885245902,15,0.3073770491803279,24,0.4918032786885246,21,0.43032786885245905,3,6.147540983606557,1,2.0491803278688523,0.0,0.0,0.0,0.0,42811,877.2745901639344,,,,Penyakit pada sistem pernafasan,10733,21,,,
Benowo,74.9,2813,53150.0,709.6128170894526,937.0,12.510013351134848,395,5.27369826435247,104,1.3885180240320427,178,2.376502002670227,17,22.696929238985316,1,1.335113484646195,0.0,0.0,264.0,3.5246995994659547,46660,622.9639519359146,,,,Faktor-faktor yang mempengaruhi status kesehatan dan hubungannya dengan jasa kesehatan,15690,21,,,
Bubutan,96.7,24860,79779.0,825.015511892451,295.0,3.050672182006205,47,0.48603929679420893,70,0.7238883143743537,60,0.6204756980351602,18,18.61427094105481,2,2.0682523267838677,0.0,0.0,36.0,0.37228541882109617,61743,638.5005170630816,,,,Penyakit pada sistem pernafasan,14858,21,,,
Bulak,47.8,7667,34306.0,717.6987447698745,267.0,5.585774058577406,80,1.6736401673640167,23,0.4811715481171548,44,0.9205020920502092,10,20.920502092050206,1,2.0920502092050213,0.0,0.0,0.0,0.0,25988,543.6820083682007,,,,Faktor-faktor yang mempengaruhi status kesehatan dan hubungannya dengan jasa kesehatan,5902,21,,,
Dukuh Pakis,59.3,5784,55207.0,930.9780775716695,1132.0,19.0893760539629,252,4.249578414839798,81,1.3659359190556493,336,5.66610455311973,46,77.5716694772344,1,1.6863406408094435,0.0,0.0,111.0,1.8718381112984823,24039,405.37942664418216,,,,Penyakit pada sistem pencernaan,6492,21,,,
Gayungan,43.8,7444,47364.0,1081.3698630136985,1404.0,32.054794520547944,523,11.940639269406393,116,2.6484018264840183,388,8.858447488584476,29,66.21004566210046,1,2.2831050228310503,0.0,0.0,346.0,7.899543378995435,37028,845.3881278538813,,,,Faktor-faktor yang mempengaruhi status kesehatan dan hubungannya dengan jasa kesehatan,10213,21,,,
Genteng,58.2,14339,70385.0,1209.3642611683847,1887.0,32.422680412371136,731,12.560137457044673,104,1.7869415807560138,530,9.106529209621995,38,65.29209621993127,2,3.4364261168384878,0.0,0.0,253.0,4.347079037800687,65970,1133.5051546391753,,,,Penyakit pada sistem pernafasan,16565,21,,,
Gubeng,132.4,16757,108091.0,816.3972809667673,7087.0,53.527190332326285,2738,20.6797583081571,284,2.1450151057401814,1884,14.229607250755286,90,67.97583081570997,2,1.5105740181268883,0.0,0.0,675.0,5.098187311178248,104995,793.0135951661631,,,,Faktor-faktor yang mempengaruhi status kesehatan dan hubungannya dengan jasa kesehatan,29273,21,,,
Gunung Anyar,62.3,6142,40850.0,655.6982343499197,197.0,3.162118780096308,40,0.6420545746388443,24,0.3852327447833066,63,1.0112359550561798,24,38.523274478330656,1,1.6051364365971106,0.0,0.0,2.0,0.03210272873194221,35390,568.0577849117176,,,,Penyakit pada sistem pernafasan,7543,21,,,
Jambangan,54.2,13222,48729.0,899.0590405904059,245.0,4.52029520295203,52,0.959409594095941,58,1.070110701107011,68,1.2546125461254614,16,29.52029520295203,1,1.845018450184502,0.0,0.0,38.0,0.7011070110701108,22718,419.1512915129151,,,,Penyakit pada sistem pencernaan,5315,21,,,
Karang Pilang,75.5,8041,57768.0,765.1390728476821,194.0,2.56953642384106,26,0.3443708609271523,34,0.4503311258278146,68,0.9006622516556292,17,22.516556291390728,1,1.324503311258278,0.0,0.0,9.0,0.11920529801324503,53895,713.841059602649,,,,Penyakit pada sistem pernafasan,11682,21,,,
Kenjeran,185.3,21774,202317.0,1091.8348623853212,252.0,1.3599568267674043,47,0.25364274150026983,58,0.3130059363194819,57,0.3076092822450081,22,11.872638963842418,4,2.1586616297895307,0.0,0.0,23.0,0.124123043712898,146591,791.1009174311927,,,,Faktor-faktor yang mempengaruhi status kesehatan dan hubungannya dengan jasa kesehatan,29064,21,,,
Krembangan,114.9,13357,127170.0,1106.7885117493472,669.0,5.822454308093995,231,2.010443864229765,62,0.5395996518711923,209,1.8189730200174064,22,19.14708442123586,3,2.6109660574412534,0.0,0.0,30.0,0.2610966057441253,98813,859.9912967798085,,,,Penyakit pada sistem pernafasan,26794,21,,,
Lakarsantri,65.0,3440,77984.0,1199.753846153846,237.0,3.646153846153846,40,0.6153846153846154,34,0.5230769230769231,77,1.1846153846153846,30,46.15384615384615,3,4.615384615384615,0.0,0.0,25.0,0.38461538461538464,58965,907.1538461538462,,,,Penyakit pada sistem pernafasan,14667,21,,,
Mulyorejo,88.2,5079,67353.0,763.639455782313,3122.0,35.3968253968254,1220,13.832199546485262,181,2.052154195011338,893,10.124716553287982,74,83.90022675736961,2,2.2675736961451247,0.0,0.0,550.0,6.2358276643990935,53760,609.5238095238096,,,,Penyakit pada sistem pernafasan,11632,21,,,
Pabean Cantian,73.9,13491,62895.0,851.0825439783491,1931.0,26.129905277401896,776,10.500676589986469,142,1.9215155615696886,511,6.914749661705007,32,43.301759133964815,1,1.3531799729364005,0.0,0.0,460.0,6.2246278755074425,33621,454.9526387009472,,,,Faktor-faktor yang mempengaruhi status kesehatan dan hubungannya dengan jasa kesehatan,6820,21,,,
Pakal,64.5,3474,46998.0,728.6511627906976,454.0,7.038759689922481,150,2.3255813953488373,56,0.8682170542635659,118,1.8294573643410854,9,13.953488372093023,1,1.550387596899225,0.0,0.0,144.0,2.2325581395348837,28599,443.3953488372093,,,,Penyakit pada sistem pencernaan,7971,21,,,
Rungkut,123.7,5397,114949.0,929.2562651576395,1029.0,8.31851253031528,330,2.6677445432497975,127,1.0266774454324978,259,2.093775262732417,62,50.12126111560226,2,1.6168148746968474,0.0,0.0,146.0,1.1802748585286984,95826,774.6645109135004,,,,Faktor-faktor yang mempengaruhi status kesehatan dan hubungannya dengan jasa kesehatan,20131,21,,,
Sambikerep,69.1,4023,53769.0,778.1331403762663,1227.0,17.756874095513748,373,5.397973950795947,101,1.4616497829232995,412,5.962373371924747,30,43.41534008683068,2,2.8943560057887123,0.0,0.0,64.0,0.9261939218523879,41374,598.7554269175108,,,,Penyakit pada sistem pernafasan,9185,21,,,
Sawahan,198.5,27648,185816.0,936.1007556675063,992.0,4.997481108312343,266,1.3400503778337531,74,0.3727959697732997,271,1.3652392947103273,44,22.16624685138539,4,2.0151133501259446,0.0,0.0,119.0,0.5994962216624685,122544,617.3501259445844,,,,Penyakit pada sistem pernafasan,25591,21,,,
Semampir,183.3,20254,166534.0,908.5324604473541,652.0,3.5570103655210037,225,1.227495908346972,77,0.420076377523186,147,0.8019639934533551,27,14.729950900163667,4,2.182214948172395,0.0,0.0,100.0,0.5455537370430987,128354,700.2400436442989,,,,Penyakit pada sistem pernafasan,36331,21,,,
Simokerto,92.1,35271,84372.0,916.0912052117263,1678.0,18.219326818675356,765,8.306188925081432,163,1.7698154180238872,315,3.420195439739414,21,22.80130293159609,2,2.1715526601520088,0.0,0.0,2109.0,22.89902280130293,62222,675.5917480998914,,,,Penyakit pada sistem pernafasan,15444,21,,,
Suko Manunggal,104.2,11237,94399.0,905.9404990403071,1178.0,11.305182341650672,436,4.18426103646833,65,0.6238003838771593,368,3.531669865642994,29,27.831094049904028,2,1.9193857965451055,0.0,0.0,220.0,2.111324376199616,68534,657.7159309021114,,,,Penyakit pada sistem pernafasan,14969,21,,,
Sukolilo,115.9,3845,103941.0,896.8162208800691,3199.0,27.601380500431407,1107,9.551337359792925,199,1.716997411561691,1040,8.9732528041415,58,50.043140638481454,3,2.5884383088869716,0.0,0.0,711.0,6.134598792062122,84566,729.6462467644521,,,,Penyakit pada sistem pernafasan,17373,21,,,
Tambaksari,227.0,25309,155632.0,685.6035242290749,1554.0,6.845814977973568,425,1.8722466960352422,103,0.45374449339207046,629,2.7709251101321586,49,21.58590308370044,3,1.3215859030837005,0.0,0.0,288.0,1.2687224669603525,73956,325.7973568281938,,,,Penyakit pada sistem pernafasan,14845,21,,,
Tandes,91.8,9234,100657.0,1096.4814814814813,374.0,4.0740740740740735,118,1.2854030501089324,67,0.7298474945533769,74,0.8061002178649237,27,29.41176470588235,2,2.178649237472767,0.0,0.0,76.0,0.8278867102396514,75525,822.7124183006536,,,,Penyakit pada sistem pernafasan,14979,21,,,
Tegalsari,97.5,22624,88715.0,909.8974358974359,1354.0,13.887179487179488,419,4.297435897435898,69,0.7076923076923077,480,4.923076923076923,48,49.230769230769226,2,2.051282051282051,0.0,0.0,247.0,2.533333333333333,56539,579.8871794871795,,,,Penyakit pada sistem pernafasan,12548,21,,,
Tenggilis Mejoyo,58.9,10143,48408.0,821.867572156197,1247.0,21.171477079796265,437,7.419354838709678,84,1.4261460101867571,414,7.028862478777589,24,40.74702886247878,1,1.697792869269949,0.0,0.0,36.0,0.6112054329371817,32012,543.4974533106961,,,,Penyakit pada sistem pernafasan,7490,21,,,
Wiyung,76.5,6179,81144.0,1060.7058823529412,1866.0,24.3921568627451,761,9.947712418300654,158,2.065359477124183,509,6.65359477124183,31,40.52287581699346,2,2.6143790849673203,0.0,0.0,462.0,6.03921568627451,56788,742.3267973856209,,,,Faktor-faktor yang mempengaruhi status kesehatan dan hubungannya dengan jasa kesehatan,15180,21,,,
Wonocolo,80.0,12256,98841.0,1235.5125,1406.0,17.575,474,5.925,105,1.3125,338,4.225,39,48.75,3,3.7499999999999996,0.0,0.0,295.0,3.6875,71521,894.0124999999999,,,,Penyakit pada sistem pernafasan,18158,21,,,
Wonokromo,153.6,18591,159194.0,1036.4192708333333,6286.0,40.924479166666664,2884,18.776041666666668,414,2.6953125,1465,9.537760416666668,59,38.41145833333333,3,1.953125,0.0,0.0,1503.0,9.78515625,98615,642.0247395833333,,,,Penyakit pada sistem pencernaan,19746,21,,,
