kecamatan,healthcare_gap_score,priority_category,priority_rank,demand_score,workforce_gap,facility_gap,disease_need_score,accessibility_gap,primary_root_cause,secondary_root_cause,tertiary_root_cause,root_cause_type,root_cause_confidence,root_cause_margin,workforce_issue,facility_issue,demand_issue,disease_issue,accessibility_issue,explanation,data_quality_status,jumlah_penduduk,kepadatan_penduduk,jumlah_perawat,jumlah_bidan,jumlah_tenaga_medis,total_tenaga_kesehatan,total_tempat_tidur,centroid_lon,centroid_lat
Asemrowo,66.44794437742077,Sangat Tinggi,7,0.19949095848681633,0.9804114036510466,0.8697754334480199,0.6827682422162238,0.0,WORKFORCE_SHORTAGE,FACILITY_SHORTAGE,DISEASE_BURDEN,MULTI_FACTOR,HIGH,0.11063597020302673,Low Nurse Ratio,Low Faskes Ratio,High Disease Burden,Penyakit pada sistem pernafasan (10733 cases),NOT_AVAILABLE,"Kecamatan Asemrowo memiliki Healthcare Gap Score sebesar 66.4 dan termasuk kategori Sangat Tinggi. Faktor kontributor utama adalah: 1. Workforce Shortage Gap (0.98), 2. Facility Capacity Gap (0.87), 3. Disease Burden Need (0.68). Indikator paling menonjol dalam model adalah Low Nurse Ratio, dengan sub-skor 0.98. Temuan ini menunjukkan adanya indikasi keterbatasan jumlah tenaga kesehatan medis, terutama perawat, dibandingkan dengan kepadatan penduduk setempat.",COMPLETE,48.8,3245,15,24,21,88.0,0.0,112.68968532665443,-7.237462990576181
Benowo,50.13708055437507,Tinggi,20,0.13137288975451783,0.7519593187003802,0.8139422246465768,0.3679134903898293,0.0,FACILITY_SHORTAGE,WORKFORCE_SHORTAGE,DISEASE_BURDEN,SINGLE_FACTOR,MEDIUM,0.0619829059461966,Low Nakes Ratio,Low Puskesmas Ratio,High Disease Burden,Faktor-faktor yang mempengaruhi status kesehatan dan hubungannya dengan jasa kesehatan (15690 cases),NOT_AVAILABLE,"Kecamatan Benowo memiliki Healthcare Gap Score sebesar 50.1 dan termasuk kategori Tinggi. Faktor kontributor utama adalah: 1. Facility Capacity Gap (0.81), 2. Workforce Shortage Gap (0.75), 3. Disease Burden Need (0.37). Indikator paling menonjol dalam model adalah Low Puskesmas Ratio, dengan sub-skor 0.81. Temuan ini menunjukkan adanya indikasi kurangnya ketersediaan fasilitas pelayanan kesehatan tingkat pertama (Puskesmas/Pustu) atau kapasitas tempat tidur rawat inap.",COMPLETE,74.9,2813,395,104,178,937.0,264.0,112.64631001043648,-7.226751303763048
Bubutan,61.32055082605534,Sangat Tinggi,11,0.2903876565510785,0.9519654060398528,0.8153490786269837,0.3871488687893865,0.0,WORKFORCE_SHORTAGE,FACILITY_SHORTAGE,DISEASE_BURDEN,MULTI_FACTOR,HIGH,0.1366163274128691,Low Nurse Ratio,Low Bed Capacity,High Disease Burden,Penyakit pada sistem pernafasan (14858 cases),NOT_AVAILABLE,"Kecamatan Bubutan memiliki Healthcare Gap Score sebesar 61.3 dan termasuk kategori Sangat Tinggi. Faktor kontributor utama adalah: 1. Workforce Shortage Gap (0.95), 2. Facility Capacity Gap (0.82), 3. Disease Burden Need (0.39). Indikator paling menonjol dalam model adalah Low Nurse Ratio, dengan sub-skor 0.95. Temuan ini menunjukkan adanya indikasi keterbatasan jumlah tenaga kesehatan medis, terutama perawat, dibandingkan dengan kepadatan penduduk setempat.",COMPLETE,96.7,24860,47,70,60,295.0,36.0,112.72784870198608,-7.248739216056178
Bulak,51.731016218857576,Tinggi,18,0.06438286789961174,0.9404652950708663,0.8095217904222161,0.26975677606494536,0.0,WORKFORCE_SHORTAGE,FACILITY_SHORTAGE,DISEASE_BURDEN,MULTI_FACTOR,HIGH,0.13094350464865023,Low Nurse Ratio,Low Bed Capacity,High Disease Burden,Faktor-faktor yang mempengaruhi status kesehatan dan hubungannya dengan jasa kesehatan (5902 cases),NOT_AVAILABLE,"Kecamatan Bulak memiliki Healthcare Gap Score sebesar 51.7 dan termasuk kategori Tinggi. Faktor kontributor utama adalah: 1. Workforce Shortage Gap (0.94), 2. Facility Capacity Gap (0.81), 3. Disease Burden Need (0.27). Indikator paling menonjol dalam model adalah Low Nurse Ratio, dengan sub-skor 0.94. Temuan ini menunjukkan adanya indikasi keterbatasan jumlah tenaga kesehatan medis, terutama perawat, dibandingkan dengan kepadatan penduduk setempat.",COMPLETE,47.8,7667,80,23,44,267.0,0.0,112.79010166328433,-7.238764361856334
Dukuh Pakis,42.687310027694,Tinggi,28,0.27968972170436723,0.6793950016398046,0.59721012429095,0.09852829207749217,0.0,WORKFORCE_SHORTAGE,FACILITY_SHORTAGE,HIGH_DEMAND,NO_DOMINANT_ROOT_CAUSE,MEDIUM,0.0821848773488546,Low Nurse Ratio,Low Bed Capacity,High Service Pressure,Penyakit pada sistem pencernaan (6492 cases),NOT_AVAILABLE,"Kecamatan Dukuh Pakis memiliki Healthcare Gap Score sebesar 42.7 dan termasuk kategori Tinggi. Faktor kontributor utama adalah: 1. Workforce Shortage Gap (0.68), 2. Facility Capacity Gap (0.60), 3. High Demand Score (0.28). Indikator paling menonjol dalam model adalah Low Nurse Ratio, dengan sub-skor 0.68. Temuan ini menunjukkan adanya indikasi keterbatasan jumlah tenaga kesehatan medis, terutama perawat, dibandingkan dengan kepadatan penduduk setempat.",COMPLETE,59.3,5784,252,81,336,1132.0,111.0,112.69997116170659,-7.291930255364654
Gayungan,44.09564885814567,Tinggi,26,0.3670758498728221,0.3293959689057466,0.5167841925557122,0.6432905221837185,0.0,DISEASE_BURDEN,FACILITY_SHORTAGE,HIGH_DEMAND,NO_DOMINANT_ROOT_CAUSE,MEDIUM,0.12650632962800634,Low Nurse Ratio,Low Puskesmas Ratio,High Service Pressure,Faktor-faktor yang mempengaruhi status kesehatan dan hubungannya dengan jasa kesehatan (10213 cases),NOT_AVAILABLE,"Kecamatan Gayungan memiliki Healthcare Gap Score sebesar 44.1 dan termasuk kategori Tinggi. Faktor kontributor utama adalah: 1. Disease Burden Need (0.64), 2. Facility Capacity Gap (0.52), 3. High Demand Score (0.37). Indikator paling menonjol dalam model adalah High caseload of Faktor-faktor yang mempengaruhi status kesehatan dan hubungannya dengan jasa kesehatan, dengan sub-skor 0.64. Temuan ini menunjukkan adanya indikasi besarnya prevalensi kasus penyakit masyarakat (terutama ISPA) yang memerlukan intervensi preventif dan promotif.",COMPLETE,43.8,7444,523,116,388,1404.0,346.0,112.72691389145739,-7.329838395098926
Genteng,56.562912542366405,Tinggi,14,0.5167525040029112,0.38245824131146655,0.4793295091467543,1.0,0.0,DISEASE_BURDEN,HIGH_DEMAND,FACILITY_SHORTAGE,SINGLE_FACTOR,HIGH,0.4832474959970888,Low Nakes Ratio,Low Bed Capacity,High Disease Burden,Penyakit pada sistem pernafasan (16565 cases),NOT_AVAILABLE,"Kecamatan Genteng memiliki Healthcare Gap Score sebesar 56.6 dan termasuk kategori Tinggi. Faktor kontributor utama adalah: 1. Disease Burden Need (1.00), 2. High Demand Score (0.52), 3. Facility Capacity Gap (0.48). Indikator paling menonjol dalam model adalah High caseload of Penyakit pada sistem pernafasan, dengan sub-skor 1.00. Temuan ini menunjukkan adanya indikasi besarnya prevalensi kasus penyakit masyarakat (terutama ISPA) yang memerlukan intervensi preventif dan promotif.",COMPLETE,58.2,14339,731,104,530,1887.0,253.0,112.74484044140951,-7.259215096378251
Gubeng,36.47274973619285,Sedang,30,0.380390265022883,0.0461987052925416,0.6053069250881806,0.5784471062483251,0.0,FACILITY_SHORTAGE,DISEASE_BURDEN,HIGH_DEMAND,NO_DOMINANT_ROOT_CAUSE,MEDIUM,0.026859818839855554,Low Midwife Ratio,Low Puskesmas Ratio,High Disease Burden,Faktor-faktor yang mempengaruhi status kesehatan dan hubungannya dengan jasa kesehatan (29273 cases),NOT_AVAILABLE,"Kecamatan Gubeng memiliki Healthcare Gap Score sebesar 36.5 dan termasuk kategori Sedang. Faktor kontributor utama adalah: 1. Facility Capacity Gap (0.61), 2. Disease Burden Need (0.58), 3. High Demand Score (0.38). Indikator paling menonjol dalam model adalah Low Puskesmas Ratio, dengan sub-skor 0.61. Temuan ini menunjukkan adanya indikasi kurangnya ketersediaan fasilitas pelayanan kesehatan tingkat pertama (Puskesmas/Pustu) atau kapasitas tempat tidur rawat inap.",COMPLETE,132.4,16757,2738,284,1884,7087.0,675.0,112.75946515960307,-7.279719656693071
Gunung Anyar,52.05966638397834,Tinggi,16,0.05049126637554585,0.9661139601683775,0.778139749233975,0.2999357301490571,0.0,WORKFORCE_SHORTAGE,FACILITY_SHORTAGE,DISEASE_BURDEN,SINGLE_FACTOR,HIGH,0.18797421093440247,Low Nurse Ratio,Low Bed Capacity,High Disease Burden,Penyakit pada sistem pernafasan (7543 cases),NOT_AVAILABLE,"Kecamatan Gunung Anyar memiliki Healthcare Gap Score sebesar 52.1 dan termasuk kategori Tinggi. Faktor kontributor utama adalah: 1. Workforce Shortage Gap (0.97), 2. Facility Capacity Gap (0.78), 3. Disease Burden Need (0.30). Indikator paling menonjol dalam model adalah Low Nurse Ratio, dengan sub-skor 0.97. Temuan ini menunjukkan adanya indikasi keterbatasan jumlah tenaga kesehatan medis, terutama perawat, dibandingkan dengan kepadatan penduduk setempat.",COMPLETE,62.3,6142,40,24,63,197.0,2.0,112.79504268675377,-7.337785904729432
Jambangan,52.03932506895976,Tinggi,17,0.23824528209173668,0.8954096455785449,0.7859050165510447,0.11557884539152101,0.0,WORKFORCE_SHORTAGE,FACILITY_SHORTAGE,HIGH_DEMAND,SINGLE_FACTOR,HIGH,0.10950462902750013,Low Nurse Ratio,Low Bed Capacity,High Service Pressure,Penyakit pada sistem pencernaan (5315 cases),NOT_AVAILABLE,"Kecamatan Jambangan memiliki Healthcare Gap Score sebesar 52.0 dan termasuk kategori Tinggi. Faktor kontributor utama adalah: 1. Workforce Shortage Gap (0.90), 2. Facility Capacity Gap (0.79), 3. High Demand Score (0.24). Indikator paling menonjol dalam model adalah Low Nurse Ratio, dengan sub-skor 0.90. Temuan ini menunjukkan adanya indikasi keterbatasan jumlah tenaga kesehatan medis, terutama perawat, dibandingkan dengan kepadatan penduduk setempat.",COMPLETE,54.2,13222,52,58,68,245.0,38.0,112.71588095500564,-7.323093702435861
Karang Pilang,61.326148009607174,Sangat Tinggi,10,0.18089323978622135,0.9696552265989002,0.8600588540480141,0.48042584685466255,0.0,WORKFORCE_SHORTAGE,FACILITY_SHORTAGE,DISEASE_BURDEN,MULTI_FACTOR,HIGH,0.10959637255088617,Low Nurse Ratio,Low Puskesmas Ratio,High Disease Burden,Penyakit pada sistem pernafasan (11682 cases),NOT_AVAILABLE,"Kecamatan Karang Pilang memiliki Healthcare Gap Score sebesar 61.3 dan termasuk kategori Sangat Tinggi. Faktor kontributor utama adalah: 1. Workforce Shortage Gap (0.97), 2. Facility Capacity Gap (0.86), 3. Disease Burden Need (0.48). Indikator paling menonjol dalam model adalah Low Nurse Ratio, dengan sub-skor 0.97. Temuan ini menunjukkan adanya indikasi keterbatasan jumlah tenaga kesehatan medis, terutama perawat, dibandingkan dengan kepadatan penduduk setempat.",COMPLETE,75.5,8041,26,34,68,194.0,9.0,112.6886198913255,-7.33516602779119
Kenjeran,81.14528885799825,Kritis,1,0.7622902472986846,1.0,0.8377499974845516,0.5760790744673342,0.0,WORKFORCE_SHORTAGE,FACILITY_SHORTAGE,HIGH_DEMAND,MULTI_FACTOR,HIGH,0.1622500025154484,Low Nakes Ratio,Low Bed Capacity,High Population Demand,Faktor-faktor yang mempengaruhi status kesehatan dan hubungannya dengan jasa kesehatan (29064 cases),NOT_AVAILABLE,"Kecamatan Kenjeran memiliki Healthcare Gap Score sebesar 81.1 dan termasuk kategori Kritis. Faktor kontributor utama adalah: 1. Workforce Shortage Gap (1.00), 2. Facility Capacity Gap (0.84), 3. High Demand Score (0.76). Indikator paling menonjol dalam model adalah Low Nakes Ratio, dengan sub-skor 1.00. Temuan ini menunjukkan adanya indikasi keterbatasan jumlah tenaga kesehatan medis, terutama perawat, dibandingkan dengan kepadatan penduduk setempat.",COMPLETE,185.3,21774,47,58,57,252.0,23.0,112.76892335936802,-7.217722000973959
Krembangan,73.28443928249038,Sangat Tinggi,2,0.5830457157984662,0.9031501486939921,0.7735578780319756,0.6613702893538563,0.0,WORKFORCE_SHORTAGE,FACILITY_SHORTAGE,DISEASE_BURDEN,SINGLE_FACTOR,HIGH,0.1295922706620165,Low Nakes Ratio,Low Bed Capacity,High Service Pressure,Penyakit pada sistem pernafasan (26794 cases),NOT_AVAILABLE,"Kecamatan Krembangan memiliki Healthcare Gap Score sebesar 73.3 dan termasuk kategori Sangat Tinggi. Faktor kontributor utama adalah: 1. Workforce Shortage Gap (0.90), 2. Facility Capacity Gap (0.77), 3. Disease Burden Need (0.66). Indikator paling menonjol dalam model adalah Low Nakes Ratio, dengan sub-skor 0.90. Temuan ini menunjukkan adanya indikasi keterbatasan jumlah tenaga kesehatan medis, terutama perawat, dibandingkan dengan kepadatan penduduk setempat.",COMPLETE,114.9,13357,231,62,209,669.0,30.0,112.72162793211452,-7.229110765717786
Lakarsantri,69.02043676093282,Sangat Tinggi,6,0.5270239615202817,0.9500824502931929,0.5156013230053654,0.719760897321064,0.0,WORKFORCE_SHORTAGE,DISEASE_BURDEN,HIGH_DEMAND,SINGLE_FACTOR,HIGH,0.23032155297212897,Low Nurse Ratio,Low Bed Capacity,High Service Pressure,Penyakit pada sistem pernafasan (14667 cases),NOT_AVAILABLE,"Kecamatan Lakarsantri memiliki Healthcare Gap Score sebesar 69.0 dan termasuk kategori Sangat Tinggi. Faktor kontributor utama adalah: 1. Workforce Shortage Gap (0.95), 2. Disease Burden Need (0.72), 3. High Demand Score (0.53). Indikator paling menonjol dalam model adalah Low Nurse Ratio, dengan sub-skor 0.95. Temuan ini menunjukkan adanya indikasi keterbatasan jumlah tenaga kesehatan medis, terutama perawat, dibandingkan dengan kepadatan penduduk setempat.",COMPLETE,65.0,3440,40,34,77,237.0,25.0,112.65566944893935,-7.313210907677096
Mulyorejo,32.064251489717066,Sedang,31,0.21426162438687263,0.30602848298244856,0.4715037802385803,0.3512736331932913,0.0,FACILITY_SHORTAGE,DISEASE_BURDEN,WORKFORCE_SHORTAGE,NO_DOMINANT_ROOT_CAUSE,LOW,0.120230147045289,Low Nakes Ratio,Low Bed Capacity,High Disease Burden,Penyakit pada sistem pernafasan (11632 cases),NOT_AVAILABLE,"Kecamatan Mulyorejo memiliki Healthcare Gap Score sebesar 32.1 dan termasuk kategori Sedang. Faktor kontributor utama adalah: 1. Facility Capacity Gap (0.47), 2. Disease Burden Need (0.35), 3. Workforce Shortage Gap (0.31). Indikator paling menonjol dalam model adalah Low Bed Capacity, dengan sub-skor 0.47. Temuan ini menunjukkan adanya indikasi kurangnya ketersediaan fasilitas pelayanan kesehatan tingkat pertama (Puskesmas/Pustu) atau kapasitas tempat tidur rawat inap.",COMPLETE,88.2,5079,1220,181,893,3122.0,550.0,112.79712256996083,-7.2674260787526315
Pabean Cantian,38.90511259460331,Sedang,29,0.2506393601154962,0.4744635410937792,0.6976978051222728,0.15990347279397957,0.0,FACILITY_SHORTAGE,WORKFORCE_SHORTAGE,HIGH_DEMAND,NO_DOMINANT_ROOT_CAUSE,MEDIUM,0.22323426402849356,Low Nakes Ratio,Low Puskesmas Ratio,High Service Pressure,Faktor-faktor yang mempengaruhi status kesehatan dan hubungannya dengan jasa kesehatan (6820 cases),NOT_AVAILABLE,"Kecamatan Pabean Cantian memiliki Healthcare Gap Score sebesar 38.9 dan termasuk kategori Sedang. Faktor kontributor utama adalah: 1. Facility Capacity Gap (0.70), 2. Workforce Shortage Gap (0.47), 3. High Demand Score (0.25). Indikator paling menonjol dalam model adalah Low Puskesmas Ratio, dengan sub-skor 0.70. Temuan ini menunjukkan adanya indikasi kurangnya ketersediaan fasilitas pelayanan kesehatan tingkat pertama (Puskesmas/Pustu) atau kapasitas tempat tidur rawat inap.",COMPLETE,73.9,13491,776,142,511,1931.0,460.0,112.7336449959962,-7.219628570094835
Pakal,49.53210184907949,Tinggi,21,0.1194062347051261,0.869089479849333,0.848266798957192,0.1455947216650936,0.0,WORKFORCE_SHORTAGE,FACILITY_SHORTAGE,DISEASE_BURDEN,MULTI_FACTOR,MEDIUM,0.02082268089214101,Low Nurse Ratio,Low Puskesmas Ratio,High Disease Burden,Penyakit pada sistem pencernaan (7971 cases),NOT_AVAILABLE,"Kecamatan Pakal memiliki Healthcare Gap Score sebesar 49.5 dan termasuk kategori Tinggi. Faktor kontributor utama adalah: 1. Workforce Shortage Gap (0.87), 2. Facility Capacity Gap (0.85), 3. Disease Burden Need (0.15). Indikator paling menonjol dalam model adalah Low Nurse Ratio, dengan sub-skor 0.87. Temuan ini menunjukkan adanya indikasi keterbatasan jumlah tenaga kesehatan medis, terutama perawat, dibandingkan dengan kepadatan penduduk setempat.",COMPLETE,64.5,3474,150,56,118,454.0,144.0,112.61610234499499,-7.229498498445865
Rungkut,64.32764715960026,Sangat Tinggi,8,0.4539691173187045,0.8414916178194153,0.7174616271798407,0.5557296280929925,0.0,WORKFORCE_SHORTAGE,FACILITY_SHORTAGE,DISEASE_BURDEN,SINGLE_FACTOR,HIGH,0.12402999063957454,Low Nurse Ratio,Low Bed Capacity,High Disease Burden,Faktor-faktor yang mempengaruhi status kesehatan dan hubungannya dengan jasa kesehatan (20131 cases),NOT_AVAILABLE,"Kecamatan Rungkut memiliki Healthcare Gap Score sebesar 64.3 dan termasuk kategori Sangat Tinggi. Faktor kontributor utama adalah: 1. Workforce Shortage Gap (0.84), 2. Facility Capacity Gap (0.72), 3. Disease Burden Need (0.56). Indikator paling menonjol dalam model adalah Low Nurse Ratio, dengan sub-skor 0.84. Temuan ini menunjukkan adanya indikasi keterbatasan jumlah tenaga kesehatan medis, terutama perawat, dibandingkan dengan kepadatan penduduk setempat.",COMPLETE,123.7,5397,330,127,259,1029.0,146.0,112.8016640319851,-7.319182445665281
Sambikerep,44.20250554510375,Tinggi,25,0.17463136154435283,0.6403585872659472,0.6496987483884391,0.3379416056512982,0.0,FACILITY_SHORTAGE,WORKFORCE_SHORTAGE,DISEASE_BURDEN,NO_DOMINANT_ROOT_CAUSE,MEDIUM,0.009340161122491919,Low Nurse Ratio,Low Bed Capacity,High Disease Burden,Penyakit pada sistem pernafasan (9185 cases),NOT_AVAILABLE,"Kecamatan Sambikerep memiliki Healthcare Gap Score sebesar 44.2 dan termasuk kategori Tinggi. Faktor kontributor utama adalah: 1. Facility Capacity Gap (0.65), 2. Workforce Shortage Gap (0.64), 3. Disease Burden Need (0.34). Indikator paling menonjol dalam model adalah Low Bed Capacity, dengan sub-skor 0.65. Temuan ini menunjukkan adanya indikasi kurangnya ketersediaan fasilitas pelayanan kesehatan tingkat pertama (Puskesmas/Pustu) atau kapasitas tempat tidur rawat inap.",COMPLETE,69.1,4023,373,101,412,1227.0,64.0,112.65320768410216,-7.276542921511119
Sawahan,71.49342486057067,Sangat Tinggi,4,0.6640199018951047,0.9433183116446595,0.8027007502615384,0.36096317245734877,0.0,WORKFORCE_SHORTAGE,FACILITY_SHORTAGE,HIGH_DEMAND,MULTI_FACTOR,HIGH,0.1406175613831211,Low Midwife Ratio,Low Bed Capacity,High Population Demand,Penyakit pada sistem pernafasan (25591 cases),NOT_AVAILABLE,"Kecamatan Sawahan memiliki Healthcare Gap Score sebesar 71.5 dan termasuk kategori Sangat Tinggi. Faktor kontributor utama adalah: 1. Workforce Shortage Gap (0.94), 2. Facility Capacity Gap (0.80), 3. High Demand Score (0.66). Indikator paling menonjol dalam model adalah Low Midwife Ratio, dengan sub-skor 0.94. Temuan ini menunjukkan adanya indikasi keterbatasan jumlah tenaga kesehatan medis, terutama perawat, dibandingkan dengan kepadatan penduduk setempat.",COMPLETE,198.5,27648,266,74,271,992.0,119.0,112.72157751425753,-7.272819604549965
Semampir,72.35502748527622,Sangat Tinggi,3,0.5987618010064604,0.9577368926556884,0.819416517064218,0.46358681670637,0.0,WORKFORCE_SHORTAGE,FACILITY_SHORTAGE,HIGH_DEMAND,MULTI_FACTOR,HIGH,0.13832037559147037,Low Nakes Ratio,Low Bed Capacity,High Population Demand,Penyakit pada sistem pernafasan (36331 cases),NOT_AVAILABLE,"Kecamatan Semampir memiliki Healthcare Gap Score sebesar 72.4 dan termasuk kategori Sangat Tinggi. Faktor kontributor utama adalah: 1. Workforce Shortage Gap (0.96), 2. Facility Capacity Gap (0.82), 3. High Demand Score (0.60). Indikator paling menonjol dalam model adalah Low Nakes Ratio, dengan sub-skor 0.96. Temuan ini menunjukkan adanya indikasi keterbatasan jumlah tenaga kesehatan medis, terutama perawat, dibandingkan dengan kepadatan penduduk setempat.",COMPLETE,183.3,20254,225,77,147,652.0,100.0,112.74844130371002,-7.2139690266937615
Simokerto,48.194487763367675,Tinggi,22,0.3563717506916537,0.6305770787655379,0.49623067936693094,0.4330704646156655,0.0,WORKFORCE_SHORTAGE,FACILITY_SHORTAGE,DISEASE_BURDEN,NO_DOMINANT_ROOT_CAUSE,MEDIUM,0.13434639939860699,Low Nakes Ratio,Low Faskes Ratio,High Service Pressure,Penyakit pada sistem pernafasan (15444 cases),NOT_AVAILABLE,"Kecamatan Simokerto memiliki Healthcare Gap Score sebesar 48.2 dan termasuk kategori Tinggi. Faktor kontributor utama adalah: 1. Workforce Shortage Gap (0.63), 2. Facility Capacity Gap (0.50), 3. Disease Burden Need (0.43). Indikator paling menonjol dalam model adalah Low Nakes Ratio, dengan sub-skor 0.63. Temuan ini menunjukkan adanya indikasi keterbatasan jumlah tenaga kesehatan medis, terutama perawat, dibandingkan dengan kepadatan penduduk setempat.",COMPLETE,92.1,35271,765,163,315,1678.0,2109.0,112.75345981897071,-7.239688620471408
Suko Manunggal,59.13321362685494,Tinggi,13,0.3806423562710125,0.8043035741575726,0.7683028607898084,0.4109389249100609,0.0,WORKFORCE_SHORTAGE,FACILITY_SHORTAGE,DISEASE_BURDEN,SINGLE_FACTOR,MEDIUM,0.036000713367764225,Low Midwife Ratio,Low Bed Capacity,High Service Pressure,Penyakit pada sistem pernafasan (14969 cases),NOT_AVAILABLE,"Kecamatan Suko Manunggal memiliki Healthcare Gap Score sebesar 59.1 dan termasuk kategori Tinggi. Faktor kontributor utama adalah: 1. Workforce Shortage Gap (0.80), 2. Facility Capacity Gap (0.77), 3. Disease Burden Need (0.41). Indikator paling menonjol dalam model adalah Low Midwife Ratio, dengan sub-skor 0.80. Temuan ini menunjukkan adanya indikasi keterbatasan jumlah tenaga kesehatan medis, terutama perawat, dibandingkan dengan kepadatan penduduk setempat.",COMPLETE,104.2,11237,436,65,368,1178.0,220.0,112.6997003413252,-7.268616522578217
Sukolilo,47.255671676053105,Tinggi,23,0.40470639397566877,0.45108009555220996,0.5791100509728583,0.49999379853797876,0.0,FACILITY_SHORTAGE,DISEASE_BURDEN,WORKFORCE_SHORTAGE,NO_DOMINANT_ROOT_CAUSE,MEDIUM,0.07911625243487952,Low Nurse Ratio,Low Bed Capacity,High Disease Burden,Penyakit pada sistem pernafasan (17373 cases),NOT_AVAILABLE,"Kecamatan Sukolilo memiliki Healthcare Gap Score sebesar 47.3 dan termasuk kategori Tinggi. Faktor kontributor utama adalah: 1. Facility Capacity Gap (0.58), 2. Disease Burden Need (0.50), 3. Workforce Shortage Gap (0.45). Indikator paling menonjol dalam model adalah Low Bed Capacity, dengan sub-skor 0.58. Temuan ini menunjukkan adanya indikasi kurangnya ketersediaan fasilitas pelayanan kesehatan tingkat pertama (Puskesmas/Pustu) atau kapasitas tempat tidur rawat inap.",COMPLETE,115.9,3845,1107,199,1040,3199.0,711.0,112.80565085800092,-7.292679690588746
Tambaksari,59.32128057634174,Tinggi,12,0.5257886806610611,0.8857131470727342,0.848811287216394,0.0,0.0,WORKFORCE_SHORTAGE,FACILITY_SHORTAGE,HIGH_DEMAND,MULTI_FACTOR,MEDIUM,0.0369018598563402,Low Midwife Ratio,Low Puskesmas Ratio,High Population Demand,Penyakit pada sistem pernafasan (14845 cases),NOT_AVAILABLE,"Kecamatan Tambaksari memiliki Healthcare Gap Score sebesar 59.3 dan termasuk kategori Tinggi. Faktor kontributor utama adalah: 1. Workforce Shortage Gap (0.89), 2. Facility Capacity Gap (0.85), 3. High Demand Score (0.53). Indikator paling menonjol dalam model adalah Low Midwife Ratio, dengan sub-skor 0.89. Temuan ini menunjukkan adanya indikasi keterbatasan jumlah tenaga kesehatan medis, terutama perawat, dibandingkan dengan kepadatan penduduk setempat.",COMPLETE,227.0,25309,425,103,629,1554.0,288.0,112.76800228848059,-7.250864629687954
Tandes,70.73882315934297,Sangat Tinggi,5,0.5111116470611541,0.9304780874809275,0.7593401835757493,0.6152163725782765,0.0,WORKFORCE_SHORTAGE,FACILITY_SHORTAGE,DISEASE_BURDEN,SINGLE_FACTOR,HIGH,0.17113790390517825,Low Nurse Ratio,Low Bed Capacity,High Service Pressure,Penyakit pada sistem pernafasan (14979 cases),NOT_AVAILABLE,"Kecamatan Tandes memiliki Healthcare Gap Score sebesar 70.7 dan termasuk kategori Sangat Tinggi. Faktor kontributor utama adalah: 1. Workforce Shortage Gap (0.93), 2. Facility Capacity Gap (0.76), 3. Disease Burden Need (0.62). Indikator paling menonjol dalam model adalah Low Nurse Ratio, dengan sub-skor 0.93. Temuan ini menunjukkan adanya indikasi keterbatasan jumlah tenaga kesehatan medis, terutama perawat, dibandingkan dengan kepadatan penduduk setempat.",COMPLETE,91.8,9234,118,67,74,374.0,76.0,112.67125895043823,-7.255581001594608
Tegalsari,53.320597872242224,Tinggi,15,0.3657685752420412,0.755067157164163,0.6701949286378768,0.31458136636492834,0.0,WORKFORCE_SHORTAGE,FACILITY_SHORTAGE,HIGH_DEMAND,NO_DOMINANT_ROOT_CAUSE,MEDIUM,0.08487222852628618,Low Midwife Ratio,Low Bed Capacity,High Service Pressure,Penyakit pada sistem pernafasan (12548 cases),NOT_AVAILABLE,"Kecamatan Tegalsari memiliki Healthcare Gap Score sebesar 53.3 dan termasuk kategori Tinggi. Faktor kontributor utama adalah: 1. Workforce Shortage Gap (0.76), 2. Facility Capacity Gap (0.67), 3. High Demand Score (0.37). Indikator paling menonjol dalam model adalah Low Midwife Ratio, dengan sub-skor 0.76. Temuan ini menunjukkan adanya indikasi keterbatasan jumlah tenaga kesehatan medis, terutama perawat, dibandingkan dengan kepadatan penduduk setempat.",COMPLETE,97.5,22624,419,69,480,1354.0,247.0,112.73666324202809,-7.2758284306394145
Tenggilis Mejoyo,43.217976171917186,Tinggi,27,0.18450710723035435,0.5731131236989055,0.7549401784928053,0.26952828370916404,0.0,FACILITY_SHORTAGE,WORKFORCE_SHORTAGE,DISEASE_BURDEN,NO_DOMINANT_ROOT_CAUSE,MEDIUM,0.1818270547938997,Low Nurse Ratio,Low Bed Capacity,High Service Pressure,Penyakit pada sistem pernafasan (7490 cases),NOT_AVAILABLE,"Kecamatan Tenggilis Mejoyo memiliki Healthcare Gap Score sebesar 43.2 dan termasuk kategori Tinggi. Faktor kontributor utama adalah: 1. Facility Capacity Gap (0.75), 2. Workforce Shortage Gap (0.57), 3. Disease Burden Need (0.27). Indikator paling menonjol dalam model adalah Low Bed Capacity, dengan sub-skor 0.75. Temuan ini menunjukkan adanya indikasi kurangnya ketersediaan fasilitas pelayanan kesehatan tingkat pertama (Puskesmas/Pustu) atau kapasitas tempat tidur rawat inap.",COMPLETE,58.9,10143,437,84,414,1247.0,36.0,112.75418443607865,-7.324417600109367
Wiyung,50.19301382111841,Tinggi,19,0.43850309196980464,0.4807194666780373,0.615123626293121,0.5156932267910367,0.0,FACILITY_SHORTAGE,DISEASE_BURDEN,WORKFORCE_SHORTAGE,NO_DOMINANT_ROOT_CAUSE,MEDIUM,0.09943039950208432,Low Nakes Ratio,Low Bed Capacity,High Service Pressure,Faktor-faktor yang mempengaruhi status kesehatan dan hubungannya dengan jasa kesehatan (15180 cases),NOT_AVAILABLE,"Kecamatan Wiyung memiliki Healthcare Gap Score sebesar 50.2 dan termasuk kategori Tinggi. Faktor kontributor utama adalah: 1. Facility Capacity Gap (0.62), 2. Disease Burden Need (0.52), 3. Workforce Shortage Gap (0.48). Indikator paling menonjol dalam model adalah Low Bed Capacity, dengan sub-skor 0.62. Temuan ini menunjukkan adanya indikasi kurangnya ketersediaan fasilitas pelayanan kesehatan tingkat pertama (Puskesmas/Pustu) atau kapasitas tempat tidur rawat inap.",COMPLETE,76.5,6179,761,158,509,1866.0,462.0,112.68818582821108,-7.312629856359907
Wonocolo,63.36801937696316,Sangat Tinggi,9,0.5987991266375546,0.6924767729103898,0.5279961482718332,0.703490971254408,0.0,DISEASE_BURDEN,WORKFORCE_SHORTAGE,HIGH_DEMAND,NO_DOMINANT_ROOT_CAUSE,MEDIUM,0.011014198344018178,Low Nurse Ratio,Low Bed Capacity,High Service Pressure,Penyakit pada sistem pernafasan (18158 cases),NOT_AVAILABLE,"Kecamatan Wonocolo memiliki Healthcare Gap Score sebesar 63.4 dan termasuk kategori Sangat Tinggi. Faktor kontributor utama adalah: 1. Disease Burden Need (0.70), 2. Workforce Shortage Gap (0.69), 3. High Demand Score (0.60). Indikator paling menonjol dalam model adalah High caseload of Penyakit pada sistem pernafasan, dengan sub-skor 0.70. Temuan ini menunjukkan adanya indikasi besarnya prevalensi kasus penyakit masyarakat (terutama ISPA) yang memerlukan intervensi preventif dan promotif.",COMPLETE,80.0,12256,474,105,338,1406.0,295.0,112.74181057279597,-7.322040376166424
Wonokromo,44.3200025423592,Tinggi,24,0.6279854153409619,0.17208388849293763,0.6243840631366754,0.3915121082304355,0.0,HIGH_DEMAND,FACILITY_SHORTAGE,DISEASE_BURDEN,NO_DOMINANT_ROOT_CAUSE,MEDIUM,0.0036013522042864787,Low Nakes Ratio,Low Puskesmas Ratio,High Service Pressure,Penyakit pada sistem pencernaan (19746 cases),NOT_AVAILABLE,"Kecamatan Wonokromo memiliki Healthcare Gap Score sebesar 44.3 dan termasuk kategori Tinggi. Faktor kontributor utama adalah: 1. High Demand Score (0.63), 2. Facility Capacity Gap (0.62), 3. Disease Burden Need (0.39). Indikator paling menonjol dalam model adalah High Service Pressure, dengan sub-skor 0.63. Temuan ini menunjukkan adanya indikasi tingginya volume populasi atau jumlah kunjungan puskesmas yang memberikan tekanan berat pada fasilitas setempat.",COMPLETE,153.6,18591,2884,414,1465,6286.0,1503.0,112.73793587395087,-7.297730577019125
