generated_faskes_id,kecamatan,jenis_faskes,nama_faskes,penyelenggara,status_lokasi
FSK0001,Asemrowo,Puskesmas Induk,Puskesmas Asemrowo,Pemerintah Kota,mapped
FSK0002,Asemrowo,Puskesmas Pembantu (Pustu),Pustu Tambak Langon,Pemerintah Kota,mapped
FSK0003,Asemrowo,Klinik Pratama,NAYAKA HUSADA 03,swasta,mapped
FSK0004,Benowo,Apotek,KIMIA FARMA BUKIT PALMA,lainnya,mapped
FSK0005,Benowo,Rumah Sakit Umum,RS Umum Daerah Bhakti Dharma Husada,Pemerintah Kota,mapped
FSK0006,Benowo,Puskesmas Induk,Puskesmas Sememi,Pemerintah Kota,mapped
FSK0007,Benowo,Puskesmas Pembantu (Pustu),Pustu Kandangan,Pemerintah Kota,mapped
FSK0008,Benowo,Puskesmas Pembantu (Pustu),Pustu Romo Kalisari,Pemerintah Kota,mapped
FSK0009,Benowo,Rumah Sakit Umum,RS Bunda,Swasta,mapped
FSK0010,Benowo,Apotek,KANDANGAN,swasta,mapped
FSK0011,Benowo,Apotek,K - 96,swasta,mapped
FSK0012,Benowo,Apotek,VIVA GENERIK KLAKAH REJO,swasta,mapped
FSK0013,Benowo,Apotek,RENO FARMA,swasta,mapped
FSK0014,Benowo,Apotek,HAPSARI,swasta,mapped
FSK0015,Benowo,Apotek,BENOWO APPOTIK,swasta,mapped
FSK0016,Benowo,Apotek,KUSURI MAINCARE,swasta,mapped
FSK0017,Benowo,Apotek,Wahyu Buana Medika,swasta,mapped
FSK0018,Benowo,Apotek,Pahala Bukit Palma,swasta,mapped
FSK0019,Benowo,Klinik Pratama,KARYA MEDIKA 111,swasta,mapped
FSK0020,Benowo,Klinik Pratama,DOKTER ANANG SURABAYA,swasta,mapped
FSK0021,Bubutan,Puskesmas Induk,Puskesmas Gundih,Pemerintah Kota,mapped
FSK0022,Bubutan,Puskesmas Induk,Puskesmas Tembok Dukuh,Pemerintah Kota,mapped
FSK0023,Bubutan,Puskesmas Pembantu (Pustu),Pustu Asem Jajar,Pemerintah Kota,mapped
FSK0024,Bubutan,Rumah Sakit Khusus,RS Ibu dan Anak IBI Surabaya,Swasta,mapped
FSK0025,Bubutan,Apotek,USAHA,swasta,mapped
FSK0026,Bubutan,Apotek,KALIBUTUH,swasta,mapped
FSK0027,Bubutan,Apotek,PRODERMA,swasta,mapped
FSK0028,Bubutan,Apotek,FILLINA,swasta,mapped
FSK0029,Bubutan,Apotek,NOVEM,swasta,mapped
FSK0030,Bubutan,Apotek,MEGA SURYA,swasta,mapped
FSK0031,Bubutan,Apotek,VIVA APOTEK PURWODADI,swasta,mapped
FSK0032,Bubutan,Toko Obat,CARREFOUR BUBUTAN,swasta,mapped
FSK0033,Bubutan,Toko Obat,XING LIN,swasta,mapped
FSK0034,Bubutan,Toko Obat,Super Indo Apartemen Gunawangsa,swasta,mapped
FSK0035,Bubutan,Klinik Pratama,Anugerah Karya Medika 102,swasta,mapped
FSK0036,Bubutan,Klinik Pratama,DON BOSCO,swasta,mapped
FSK0037,Bubutan,Klinik Pratama,SAMARIA,swasta,mapped
FSK0038,Bubutan,Klinik Pratama,DERMALOVE SCIENCE OF BEAUTY,swasta,mapped
FSK0039,Bulak,Apotek,Kimia Farma Suramadu,lainnya,mapped
FSK0040,Bulak,Puskesmas Induk,Puskesmas Kenjeran,Pemerintah Kota,mapped
FSK0041,Bulak,Puskesmas Pembantu (Pustu),Pustu Bulak,Pemerintah Kota,mapped
FSK0042,Bulak,Puskesmas Pembantu (Pustu),Pustu Kedung Cowek,Pemerintah Kota,mapped
FSK0043,Bulak,Apotek,VIVA APOTEK BULAK SETRO,swasta,mapped
FSK0044,Bulak,Apotek,BITA MEDIKA,swasta,mapped
FSK0045,Bulak,Apotek,Efi Barokah,swasta,mapped
FSK0046,Bulak,Toko Obat,DWIJAYA SENTOSA ABADI,swasta,mapped
FSK0047,Bulak,Klinik Pratama,KENJERAN DISKES LANTAMAL V,TNI/POLRI,mapped
FSK0048,Bulak,Klinik Pratama,PUSDIKLAT HANUDNAS,TNI/POLRI,mapped
FSK0049,,Klinik Pratama,KIMIA FARMA DARMO,swasta,unknown
FSK0050,Dukuh Pakis,Apotek,KIMIA FARMA 52,lainnya,mapped
FSK0051,Dukuh Pakis,Klinik Pratama,GUNUNGSARI,lainnya,mapped
FSK0052,Dukuh Pakis,Puskesmas Induk,Puskesmas Dukuh Kupang,Pemerintah Kota,mapped
FSK0053,Dukuh Pakis,Puskesmas Pembantu (Pustu),Pustu Gunungsari,Pemerintah Kota,mapped
FSK0054,Dukuh Pakis,Puskesmas Pembantu (Pustu),Pustu Pradah Kali Kendal,Pemerintah Kota,mapped
FSK0055,Dukuh Pakis,Apotek,DUTA FARMA,swasta,mapped
FSK0056,Dukuh Pakis,Apotek,TIARA,swasta,mapped
FSK0057,Dukuh Pakis,Apotek,TIARA BUKIT DARMO,swasta,mapped
FSK0058,Dukuh Pakis,Apotek,ETIKA FARMA,swasta,mapped
FSK0059,Dukuh Pakis,Apotek,INDAH FARMA,swasta,mapped
FSK0060,Dukuh Pakis,Apotek,PHARMACARE,swasta,mapped
FSK0061,Dukuh Pakis,Apotek,E - MEDICA,swasta,mapped
FSK0062,Dukuh Pakis,Apotek,GUARDIAN SURABAYA CIPUTRA WORLD,swasta,mapped
FSK0063,Dukuh Pakis,Apotek,K - 24 DUKUH KUPANG,swasta,mapped
FSK0064,Dukuh Pakis,Apotek,SIAGA FARMA 2,swasta,mapped
FSK0065,Dukuh Pakis,Apotek,MAHARVA MEDIKA,swasta,mapped
FSK0066,Dukuh Pakis,Apotek,WATSONS LENMARC,swasta,mapped
FSK0067,Dukuh Pakis,Apotek,Halomedika Dukuh Pakis,swasta,mapped
FSK0068,Dukuh Pakis,Toko Obat,HYPERMART CIPUTRA WORLD,swasta,mapped
FSK0069,Dukuh Pakis,Toko Obat,toko Obat PT. Trans Retail Indonesia Cabang Transmart Carrefour Lenmarc Surabaya,swasta,mapped
FSK0070,Dukuh Pakis,Toko Obat,Super Indo HR. Muhammad,swasta,mapped
FSK0071,Dukuh Pakis,Klinik Utama,GIGI SEHAT,swasta,mapped
FSK0072,Dukuh Pakis,Klinik Pratama,ANUGRAH,swasta,mapped
FSK0073,Dukuh Pakis,Klinik Pratama,REDEMPTOR MUNDI,swasta,mapped
FSK0074,Dukuh Pakis,Klinik Pratama,Q - LIFE KLINIK,swasta,mapped
FSK0075,Dukuh Pakis,Klinik Pratama,TANATA,swasta,mapped
FSK0076,Dukuh Pakis,Klinik Pratama,ERNADE,swasta,mapped
FSK0077,Dukuh Pakis,Klinik Pratama,MAHARVA,swasta,mapped
FSK0078,Dukuh Pakis,Klinik Pratama,DIANDRA,swasta,mapped
FSK0079,Dukuh Pakis,Klinik Pratama,DERMASTER,swasta,mapped
FSK0080,Dukuh Pakis,Klinik Pratama,dr. MF,swasta,mapped
FSK0081,Dukuh Pakis,Klinik Pratama,MEDIKA HOLISTIK,swasta,mapped
FSK0082,Dukuh Pakis,Klinik Pratama,MAHARVA,swasta,mapped
FSK0083,Dukuh Pakis,Klinik Utama,GIGI SEHAT,swasta,mapped
FSK0084,Dukuh Pakis,Klinik Utama,ESTHER,swasta,mapped
FSK0085,Dukuh Pakis,Klinik Utama,ROYAL CLINIC,swasta,mapped
FSK0086,Dukuh Pakis,Klinik Utama,PWHC,swasta,mapped
FSK0087,Dukuh Pakis,Klinik Utama,WIJAYA KUSUMA,swasta,mapped
FSK0088,Dukuh Pakis,Klinik Utama,DENTALPOINT,swasta,mapped
FSK0089,Dukuh Pakis,Klinik Utama,PROSPEK,swasta,mapped
FSK0090,Dukuh Pakis,Klinik Utama,SKINDA DERMATOAESTHETIC CLINIC,swasta,mapped
FSK0091,Dukuh Pakis,Klinik Utama,REJUVA,swasta,mapped
FSK0092,Dukuh Pakis,Klinik Utama,PARAHITA DIAGNOSTIC CENTER,swasta,mapped
FSK0093,Dukuh Pakis,Klinik Utama,FDC,swasta,mapped
FSK0094,Dukuh Pakis,Klinik Utama,INDENTAL VILLA BUKIT MAS,swasta,mapped
FSK0095,Dukuh Pakis,Rumah Sakit Umum,RS Marinir Ewa Pangalila Gunungsari,TNI/POLRI,mapped
FSK0096,Gayungan,Apotek,KIMIA FARMA KETINTANG,lainnya,mapped
FSK0097,Gayungan,Puskesmas Induk,Puskesmas Gayungan,Pemerintah Kota,mapped
FSK0098,Gayungan,Puskesmas Pembantu (Pustu),Pustu Dukuh Menanggal,Pemerintah Kota,mapped
FSK0099,Gayungan,Labkesda/GFK,Labkesda Kota Surabaya,Pemerintah Kota,mapped
FSK0100,Gayungan,Rumah Sakit Khusus,RS Mata Masyarakat Jawa Timur,Pemerintah Provinsi,mapped
FSK0101,Gayungan,Rumah Sakit Umum,RS Bhakti Rahayu,Swasta,mapped
FSK0102,Gayungan,Apotek,DHARMA,swasta,mapped
FSK0103,Gayungan,Apotek,NEW BINTANG,swasta,mapped
FSK0104,Gayungan,Apotek,RINDANG FARMA,swasta,mapped
FSK0105,Gayungan,Apotek,K - 24 MENANGGAL,swasta,mapped
FSK0106,Gayungan,Apotek,CIKAL,swasta,mapped
FSK0107,Gayungan,Apotek,PAHALA KETINTANG,swasta,mapped
FSK0108,Gayungan,Apotek,K - 24 GAYUNGAN,swasta,mapped
FSK0109,Gayungan,Apotek,MEDSENTRAL,swasta,mapped
FSK0110,Gayungan,Apotek,TELKOMEDIKA KETINTANG,swasta,mapped
FSK0111,Gayungan,Toko Obat,BOSTON HEALTH & BEAUTY CITO / HYPERMART CITO,swasta,mapped
FSK0112,Gayungan,Toko Obat,GUARDIAN ROYAL PLAZA,swasta,mapped
FSK0113,Gayungan,Klinik Pratama,PONDOK KASIH,swasta,mapped
FSK0114,Gayungan,Klinik Pratama,ADI HAYATI,swasta,mapped
FSK0115,Gayungan,Klinik Pratama,YAKES TELKOM,swasta,mapped
FSK0116,Gayungan,Klinik Pratama,DINA AKUPUNTUR & BEAUTY CARE,swasta,mapped
FSK0117,Gayungan,Klinik Utama,CITRA MEDICAL CENTRE,swasta,mapped
FSK0118,Gayungan,Klinik Utama,USADA BUANA,swasta,mapped
FSK0119,Gayungan,Klinik Utama,HAFIRA SKIN CARE,swasta,mapped
FSK0120,Gayungan,Klinik Utama,SURYA DIAGNOSA MEDIKA,swasta,mapped
FSK0121,Gayungan,Klinik Utama,DINA,swasta,mapped
FSK0122,Gayungan,Klinik Utama,CONFIDENTS DENTAL HOUSE,swasta,mapped
FSK0123,Gayungan,Rumah Sakit Umum,RS Bhayangkara TK II HS. Samsoeri Mertojoso,TNI/POLRI,mapped
FSK0124,Gayungan,Klinik Pratama,BIDDOKES AHMAD YANI,TNI/POLRI,mapped
FSK0125,Genteng,Apotek,KIMIA FARMA KUSUMA BANGSA,lainnya,mapped
FSK0126,Genteng,Apotek,KIMIA FARMA UNDAAN,lainnya,mapped
FSK0127,Genteng,Puskesmas Induk,Puskesmas Ketabang,Pemerintah Kota,mapped
FSK0128,Genteng,Puskesmas Induk,Puskesmas Peneleh,Pemerintah Kota,mapped
FSK0129,Genteng,Puskesmas Pembantu (Pustu),Pustu Embong Kaliasin,Pemerintah Kota,mapped
FSK0130,Genteng,Rumah Sakit Umum,RS Adi Husada Undaan,Swasta,mapped
FSK0131,Genteng,Rumah Sakit Khusus,RS Mata Undaan,Swasta,mapped
FSK0132,Genteng,Apotek,METRO FARMA,swasta,mapped
FSK0133,Genteng,Apotek,LISTI FARMA,swasta,mapped
FSK0134,Genteng,Apotek,PRAYOGI,swasta,mapped
FSK0135,Genteng,Apotek,TANJUNG,swasta,mapped
FSK0136,Genteng,Apotek,POLYFARMA,swasta,mapped
FSK0137,Genteng,Apotek,KUSUMA,swasta,mapped
FSK0138,Genteng,Apotek,APOTEK HAPPY,swasta,mapped
FSK0139,Genteng,Apotek,WATSONS PLAZA SURABAYA,swasta,mapped
FSK0140,Genteng,Apotek,GUARDIAN SURABAYA PLAZA,swasta,mapped
FSK0141,Genteng,Apotek,GUARDIAN GRAND CITY SURABAYA,swasta,mapped
FSK0142,Genteng,Apotek,WATSONS GRAND CITY MALL,swasta,mapped
FSK0143,Genteng,Toko Obat,BAN SENG TONG,swasta,mapped
FSK0144,Genteng,Toko Obat,SUMBER JAYA,swasta,mapped
FSK0145,Genteng,Toko Obat,SUPER INDO DELTA PLAZA,swasta,mapped
FSK0146,Genteng,Klinik Pratama,POLIKLINIK YAYASAN PEGAWAI BANK JATIM,swasta,mapped
FSK0147,Genteng,Klinik Pratama,Dinas Pendidikan Propinsi Jawa Timur,swasta,mapped
FSK0148,Genteng,Klinik Pratama,SENTUHAN KASIH BANGSA,swasta,mapped
FSK0149,Genteng,Klinik Pratama,KARYA MEDIKA 41,swasta,mapped
FSK0150,Genteng,Klinik Pratama,SKIN INNOVATION,swasta,mapped
FSK0151,Genteng,Klinik Pratama,GRAHA dr. YANTI,swasta,mapped
FSK0152,Genteng,Klinik Pratama,MARIA ELIZABETH,swasta,mapped
FSK0153,Genteng,Klinik Pratama,LAURENT'S,swasta,mapped
FSK0154,Genteng,Klinik Pratama,ADINA MEDIKA,swasta,mapped
FSK0155,Genteng,Klinik Pratama,KELUARGA PINTAR,swasta,mapped
FSK0156,Genteng,Klinik Utama,EAGLES HEAD MEDICAL CENTRE,swasta,mapped
FSK0157,Genteng,Klinik Utama,KAYOON,swasta,mapped
FSK0158,Genteng,Klinik Utama,L' VIORS,swasta,mapped
FSK0159,Genteng,Klinik Utama,PRIMA,swasta,mapped
FSK0160,Genteng,Klinik Utama,GLENEAGLES,swasta,mapped
FSK0161,Genteng,Klinik Utama,WIBOWO DENTAL CLINIC,swasta,mapped
FSK0162,Genteng,Klinik Utama,PADMA BAHTERA,swasta,mapped
FSK0163,Gubeng,Rumah Sakit Khusus,RS Gigi dan Mulut FKG Universitas Airlangga,Kementrian Lain,mapped
FSK0164,Gubeng,Apotek,KIMIA FARMA 35,lainnya,mapped
FSK0165,Gubeng,Apotek,KIMIA FARMA KALIBOKOR,lainnya,mapped
FSK0166,Gubeng,Apotek,KIMIA FARMA DHARMAHUSADA,lainnya,mapped
FSK0167,Gubeng,Puskesmas Induk,Puskesmas Mojo,Pemerintah Kota,mapped
FSK0168,Gubeng,Puskesmas Induk,Puskesmas Pucang Sewu,Pemerintah Kota,mapped
FSK0169,Gubeng,Puskesmas Pembantu (Pustu),Pustu Baratajaya,Pemerintah Kota,mapped
FSK0170,Gubeng,Puskesmas Pembantu (Pustu),Pustu Gubeng Klingsingan,Pemerintah Kota,mapped
FSK0171,Gubeng,Klinik Pratama,BNN KOTA SURABAYA,Pemerintah Kota Surabaya,mapped
FSK0172,Gubeng,Rumah Sakit Khusus,RS Jiwa Menur,Pemerintah Provinsi,mapped
FSK0173,Gubeng,Rumah Sakit Umum,RS Umum Siloam Hospitals Surabaya,Swasta,mapped
FSK0174,Gubeng,Rumah Sakit Khusus,RS Ibu dan Anak Pura Raharja,Swasta,mapped
FSK0175,Gubeng,Rumah Sakit Khusus,RS Ibu dan Anak Ferina,Swasta,mapped
FSK0176,Gubeng,Apotek,ALISA,swasta,mapped
FSK0177,Gubeng,Apotek,KIMIA FARMA 24,swasta,mapped
FSK0178,Gubeng,Apotek,AGRIPA,swasta,mapped
FSK0179,Gubeng,Apotek,SALMA FARMA,swasta,mapped
FSK0180,Gubeng,Apotek,MARTURIA,swasta,mapped
FSK0181,Gubeng,Apotek,TRIMAS,swasta,mapped
FSK0182,Gubeng,Apotek,MENTARI FARMA,swasta,mapped
FSK0183,Gubeng,Apotek,BHINEKA FARMA,swasta,mapped
FSK0184,Gubeng,Apotek,ASRI FARMA,swasta,mapped
FSK0185,Gubeng,Apotek,KALIDAMI FARMA,swasta,mapped
FSK0186,Gubeng,Apotek,OKTA,swasta,mapped
FSK0187,Gubeng,Apotek,SURYASARI SEJAHTERA,swasta,mapped
FSK0188,Gubeng,Apotek,NGAGEL JAYA,swasta,mapped
FSK0189,Gubeng,Apotek,PEMUDA,swasta,mapped
FSK0190,Gubeng,Apotek,MULYA HUSADA,swasta,mapped
FSK0191,Gubeng,Apotek,PUCANG,swasta,mapped
FSK0192,Gubeng,Apotek,BAWEAN,swasta,mapped
FSK0193,Gubeng,Apotek,MELIANA,swasta,mapped
FSK0194,Gubeng,Apotek,DHARMAWANGSA,swasta,mapped
FSK0195,Gubeng,Apotek,FARMASI AIRLANGGA,swasta,mapped
FSK0196,Gubeng,Apotek,NGINDEN FARMA,swasta,mapped
FSK0197,Gubeng,Apotek,TRIJAYA ABADI,swasta,mapped
FSK0198,Gubeng,Apotek,K - 24 DHARMAHUSADA,swasta,mapped
FSK0199,Gubeng,Apotek,ALIN FARMA,swasta,mapped
FSK0200,Gubeng,Apotek,REJEKI,swasta,mapped
FSK0201,Gubeng,Apotek,K-24 PASAR PUCANG,swasta,mapped
FSK0202,Gubeng,Apotek,VIARA MED,swasta,mapped
FSK0203,Gubeng,Apotek,VIVA APOTEK KALIDAMI,swasta,mapped
FSK0204,Gubeng,Apotek,VIVA APOTEK GUBENG,swasta,mapped
FSK0205,Gubeng,Apotek,INDOSEHAT,swasta,mapped
FSK0206,Gubeng,Apotek,BINANGUN,swasta,mapped
FSK0207,Gubeng,Apotek,KASIH FARMA,swasta,mapped
FSK0208,Gubeng,Apotek,K-24 JOJORAN,swasta,mapped
FSK0209,Gubeng,Apotek,E-MEDICA KARANG MENJANGAN,swasta,mapped
FSK0210,Gubeng,Apotek,PROVITA,swasta,mapped
FSK0211,Gubeng,Apotek,VIVA APOTEK PUCANG ANOM,swasta,mapped
FSK0212,Gubeng,Apotek,pucang taman,swasta,mapped
FSK0213,Gubeng,Apotek,POLARIS,swasta,mapped
FSK0214,Gubeng,Apotek,TIARA MANYAR,swasta,mapped
FSK0215,Gubeng,Toko Obat,MERIDIAN,swasta,mapped
FSK0216,Gubeng,Toko Obat,LION SUPER INDO DHARMAHUSADA,swasta,mapped
FSK0217,Gubeng,Toko Obat,SIERRA,swasta,mapped
FSK0218,Gubeng,Toko Obat,TOKO OBAT BONNET SWALAYAN,swasta,mapped
FSK0219,Gubeng,Klinik Pratama,PLK - UA KAMPUS B UNAIR,swasta,mapped
FSK0220,Gubeng,Klinik Pratama,dr. J HEALTH AND BEAUTY CLINIC,swasta,mapped
FSK0221,Gubeng,Klinik Pratama,65 (LXV),swasta,mapped
FSK0222,Gubeng,Klinik Pratama,QUALITA MEDIKA,swasta,mapped
FSK0223,Gubeng,Klinik Pratama,BULAN SABIT MERAH INDONESIA,swasta,mapped
FSK0224,Gubeng,Klinik Pratama,SARTIKA 36,swasta,mapped
FSK0225,Gubeng,Klinik Pratama,PRAMESWARI,swasta,mapped
FSK0226,Gubeng,Klinik Pratama,MITRA MEDICARE,swasta,mapped
FSK0227,Gubeng,Klinik Pratama,SANTA MARIA TAK BERCELA,swasta,mapped
FSK0228,Gubeng,Klinik Pratama,AMANINA MEDIKA,swasta,mapped
FSK0229,Gubeng,Klinik Pratama,KLINIK KERTAJAYA,swasta,mapped
FSK0230,Gubeng,Klinik Pratama,RUMAH SUNATAN,swasta,mapped
FSK0231,Gubeng,Klinik Pratama,ESTINE,swasta,mapped
FSK0232,Gubeng,Klinik Pratama,deLovely,swasta,mapped
FSK0233,Gubeng,Klinik Pratama,MS GLOW AESTHETIC CLINIC,swasta,mapped
FSK0234,Gubeng,Klinik Pratama,HOUSE OF DERMALOVE SCIENCE OF BEAUTY,swasta,mapped
FSK0235,Gubeng,Klinik Pratama,HOUSE OF HEALTHY LIVING CENTER (H2LC),swasta,mapped
FSK0236,Gubeng,Klinik Pratama,VIV CLINIC,swasta,mapped
FSK0237,Gubeng,Klinik Pratama,CANTIK,swasta,mapped
FSK0238,Gubeng,Klinik Pratama,THE EMDEE SKIN CLINIC,swasta,mapped
FSK0239,Gubeng,Klinik Pratama,NAAVAGREEN NATURAL SKINCARE,swasta,mapped
FSK0240,Gubeng,Klinik Utama,ULTRA MEDICA,swasta,mapped
FSK0241,Gubeng,Klinik Utama,SURABAYA SKIN CENTRE,swasta,mapped
FSK0242,Gubeng,Klinik Utama,TRITYA,swasta,mapped
FSK0243,Gubeng,Klinik Utama,NEURON CLINIC,swasta,mapped
FSK0244,Gubeng,Klinik Utama,KANANI,swasta,mapped
FSK0245,Gubeng,Klinik Utama,PARAHITA DIAGNOSTIC CENTER,swasta,mapped
FSK0246,Gubeng,Klinik Utama,MEDICELLE,swasta,mapped
FSK0247,Gubeng,Klinik Utama,DHARMAHUSADA PRIMER,swasta,mapped
FSK0248,Gubeng,Klinik Utama,PRAMITA,swasta,mapped
FSK0249,Gubeng,Klinik Utama,MAKMURI (KHUSUS WANITA & ANAK),swasta,mapped
FSK0250,Gubeng,Klinik Utama,DERMAGICAL (KHUSUS WANITA DAN ANAK),swasta,mapped
FSK0251,Gubeng,Klinik Utama,INDENTAL,swasta,mapped
FSK0252,Gubeng,Rumah Sakit Umum,RS Ibu dan Anak Bantuan 05.08.05 Surabaya,TNI/POLRI,mapped
FSK0253,Gunung Anyar,Apotek,KIMIA FARMA 22 UPN,lainnya,mapped
FSK0254,Gunung Anyar,Puskesmas Induk,Puskesmas Gunung Anyar,Pemerintah Kota,mapped
FSK0255,Gunung Anyar,Puskesmas Pembantu (Pustu),Pustu Rungkut Menanggal,Pemerintah Kota,mapped
FSK0256,Gunung Anyar,Apotek,MARTINA,swasta,mapped
FSK0257,Gunung Anyar,Apotek,DOA SEHAT,swasta,mapped
FSK0258,Gunung Anyar,Apotek,CITRA FARMA,swasta,mapped
FSK0259,Gunung Anyar,Apotek,STAR FARMA,swasta,mapped
FSK0260,Gunung Anyar,Apotek,PATEN JAYA,swasta,mapped
FSK0261,Gunung Anyar,Apotek,PURI HUSADA,swasta,mapped
FSK0262,Gunung Anyar,Apotek,MARGUNA SEHAT,swasta,mapped
FSK0263,Gunung Anyar,Apotek,KITA,swasta,mapped
FSK0264,Gunung Anyar,Apotek,A GUNUNG ANYAR,swasta,mapped
FSK0265,Gunung Anyar,Apotek,VIVA APOTEK RUNGKUT TENGAH,swasta,mapped
FSK0266,Gunung Anyar,Apotek,JULIA,swasta,mapped
FSK0267,Gunung Anyar,Apotek,S2,swasta,mapped
FSK0268,Gunung Anyar,Klinik Pratama,AT - TAUFIQ,swasta,mapped
FSK0269,Gunung Anyar,Klinik Pratama,KESEJAHTERAAN 11,swasta,mapped
FSK0270,Gunung Anyar,Klinik Pratama,OPTIMA,swasta,mapped
FSK0271,Gunung Anyar,Klinik Pratama,PARADISE,swasta,mapped
FSK0272,Gunung Anyar,Klinik Pratama,SIER,swasta,mapped
FSK0273,Gunung Anyar,Klinik Pratama,KECANTIKAN NATURA,swasta,mapped
FSK0274,Gunung Anyar,Klinik Pratama,NURANI JAYA 83,swasta,mapped
FSK0275,Gunung Anyar,Klinik Utama,OPTIMA,swasta,mapped
FSK0276,Gunung Anyar,Klinik Utama,ALTAIR POLITEKNIK PELAYARAN SURABAYA,swasta,mapped
FSK0277,Jambangan,Apotek,KIMIA FARMA KEBONSARI,lainnya,mapped
FSK0278,Jambangan,Puskesmas Induk,Puskesmas Kebonsari,Pemerintah Kota,mapped
FSK0279,Jambangan,Puskesmas Pembantu (Pustu),Pustu Jambangan,Pemerintah Kota,mapped
FSK0280,Jambangan,Puskesmas Pembantu (Pustu),Pustu Karah,Pemerintah Kota,mapped
FSK0281,Jambangan,Puskesmas Pembantu (Pustu),Pustu Ketintang,Pemerintah Kota,mapped
FSK0282,Jambangan,Puskesmas Pembantu (Pustu),Pustu Pagesangan,Pemerintah Kota,mapped
FSK0283,Jambangan,Rumah Sakit Khusus,RS Ibu dan Anak Cempaka Putih Permata,Swasta,mapped
FSK0284,Jambangan,Apotek,JAMBANGAN,swasta,mapped
FSK0285,Jambangan,Apotek,KEBONSARI,swasta,mapped
FSK0286,Jambangan,Apotek,K - 24 KEBONSARI,swasta,mapped
FSK0287,Jambangan,Apotek,UMI,swasta,mapped
FSK0288,Jambangan,Apotek,K-24 KARAH,swasta,mapped
FSK0289,Jambangan,Apotek,ALTHA,swasta,mapped
FSK0290,Jambangan,Apotek,9 Bintang Farma,swasta,mapped
FSK0291,Jambangan,Klinik Pratama,ST. VINCENTIUS A PAULO (KARAH),swasta,mapped
FSK0292,Jambangan,Klinik Pratama,BK 10,swasta,mapped
FSK0293,Karang Pilang,Klinik Pratama,SUTEDI SENAPUTRA,lainnya,mapped
FSK0294,Karang Pilang,Puskesmas Induk,Puskesmas Kedurus,Pemerintah Kota,mapped
FSK0295,Karang Pilang,Puskesmas Pembantu (Pustu),Pustu Kebraon,Pemerintah Kota,mapped
FSK0296,Karang Pilang,Puskesmas Pembantu (Pustu),Pustu Warugunung,Pemerintah Kota,mapped
FSK0297,Karang Pilang,Apotek,PALAPA JAYA,swasta,mapped
FSK0298,Karang Pilang,Apotek,DERY FARMA,swasta,mapped
FSK0299,Karang Pilang,Apotek,K 3,swasta,mapped
FSK0300,Karang Pilang,Apotek,VIVA GENERIK GRIYA KEBRAON,swasta,mapped
FSK0301,Karang Pilang,Apotek,PUSPASARI KEDURUS,swasta,mapped
FSK0302,Karang Pilang,Apotek,K24 MASTRIP,swasta,mapped
FSK0303,Karang Pilang,Apotek,INDERA,swasta,mapped
FSK0304,Karang Pilang,Toko Obat,LOTTE SHOPPING INDONESIA,swasta,mapped
FSK0305,Karang Pilang,Toko Obat,SUPER INDO MASTRIP,swasta,mapped
FSK0306,Karang Pilang,Klinik Pratama,SARTIKA 44,swasta,mapped
FSK0307,Karang Pilang,Klinik Pratama,PUTRI RAHAYU,swasta,mapped
FSK0308,Karang Pilang,Klinik Pratama,NAYAKA HUSADA KEBRAON,swasta,mapped
FSK0309,Karang Pilang,Klinik Pratama,PHC KEBRAON,swasta,mapped
FSK0310,Kenjeran,Puskesmas Induk,Puskesmas Bulak Banteng,Pemerintah Kota,mapped
FSK0311,Kenjeran,Puskesmas Induk,Puskesmas Sidotopo Wetan,Pemerintah Kota,mapped
FSK0312,Kenjeran,Puskesmas Induk,Puskesmas Tambak Wedi,Pemerintah Kota,mapped
FSK0313,Kenjeran,Puskesmas Induk,Puskesmas Tanah Kali Kedinding,Pemerintah Kota,mapped
FSK0314,Kenjeran,Puskesmas Pembantu (Pustu),Pustu Tanah Kali Kedinding,Pemerintah Kota,mapped
FSK0315,Kenjeran,Apotek,NINDYA,swasta,mapped
FSK0316,Kenjeran,Apotek,ALQI,swasta,mapped
FSK0317,Kenjeran,Apotek,RAFA FARMA,swasta,mapped
FSK0318,Kenjeran,Apotek,VIVA APOTEK RANDU INDAH,swasta,mapped
FSK0319,Kenjeran,Apotek,ADITARA 2,swasta,mapped
FSK0320,Kenjeran,Apotek,NAHDA FARMA,swasta,mapped
FSK0321,Kenjeran,Apotek,AMAJING IAN,swasta,mapped
FSK0322,Kenjeran,Apotek,RAFA FARMA 2,swasta,mapped
FSK0323,Kenjeran,Apotek,RANDU FARMA,swasta,mapped
FSK0324,Kenjeran,Apotek,AZZAM FARMA,swasta,mapped
FSK0325,Kenjeran,Apotek,K-24 POGOT,swasta,mapped
FSK0326,Kenjeran,Apotek,K - 24 SIDOTOPO WETAN,swasta,mapped
FSK0327,Kenjeran,Apotek,TANSAH SEHAT FARMA,swasta,mapped
FSK0328,Kenjeran,Apotek,K-24 KEDINDING LOR,swasta,mapped
FSK0329,Kenjeran,Klinik Pratama,AL FITHRAH,swasta,mapped
FSK0330,Kenjeran,Klinik Pratama,WONOSARI,swasta,mapped
FSK0331,Kenjeran,Klinik Utama,SRI HARTI SOEROSO,swasta,mapped
FSK0332,Krembangan,Puskesmas Induk,Puskesmas Dupak,Pemerintah Kota,mapped
FSK0333,Krembangan,Puskesmas Induk,Puskesmas Krembangan Selatan,Pemerintah Kota,mapped
FSK0334,Krembangan,Puskesmas Induk,Puskesmas Morokrembangan,Pemerintah Kota,mapped
FSK0335,Krembangan,Puskesmas Pembantu (Pustu),Pustu Krembangan Baru,Pemerintah Kota,mapped
FSK0336,Krembangan,Apotek,TIGA DUA LIMA,swasta,mapped
FSK0337,Krembangan,Apotek,ADI FARMA,swasta,mapped
FSK0338,Krembangan,Apotek,SHERWIN,swasta,mapped
FSK0339,Krembangan,Apotek,OKKY,swasta,mapped
FSK0340,Krembangan,Apotek,SIAGA MUSTIKA RAHAYU,swasta,mapped
FSK0341,Krembangan,Apotek,LAYZA FARMA,swasta,mapped
FSK0342,Krembangan,Klinik Pratama,RAJAWALI,swasta,mapped
FSK0343,Krembangan,Klinik Pratama,KELSAPA,swasta,mapped
FSK0344,Krembangan,Klinik Pratama,SANTA ANNA,swasta,mapped
FSK0345,Krembangan,Klinik Pratama,NAYAKA HUSADA 01,swasta,mapped
FSK0346,Krembangan,Klinik Pratama,AL - AZHAR,swasta,mapped
FSK0347,Krembangan,Klinik Utama,PRAMITA,swasta,mapped
FSK0348,Krembangan,Klinik Utama,SPEKTRUM,swasta,mapped
FSK0349,Krembangan,Klinik Pratama,POLRESTABES SURABAYA,TNI/POLRI,mapped
FSK0350,Krembangan,Klinik Pratama,SUBDITKES AAL,TNI/POLRI,mapped
FSK0351,Krembangan,Klinik Pratama,SATBRIMOB POLDA JATIM,TNI/POLRI,mapped
FSK0352,Krembangan,Klinik Pratama,SATKES KODIKLATAL,TNI/POLRI,mapped
FSK0353,Krembangan,Klinik Pratama,BHAYANGKARA M. DAHLAN,TNI/POLRI,mapped
FSK0354,Lakarsantri,Apotek,KIMIA FARMA G WALK,lainnya,mapped
FSK0355,Lakarsantri,Apotek,KIMIA FARMA 459,lainnya,mapped
FSK0356,Lakarsantri,Puskesmas Induk,Puskesmas Bangkingan,Pemerintah Kota,mapped
FSK0357,Lakarsantri,Puskesmas Induk,Puskesmas Jeruk,Pemerintah Kota,mapped
FSK0358,Lakarsantri,Puskesmas Induk,Puskesmas Lidah Kulon,Pemerintah Kota,mapped
FSK0359,Lakarsantri,Rumah Sakit Khusus,RS Orthopedi dan Traumatologi Surabaya,Swasta,mapped
FSK0360,Lakarsantri,Apotek,WANGI,swasta,mapped
FSK0361,Lakarsantri,Apotek,SUKSES,swasta,mapped
FSK0362,Lakarsantri,Apotek,KIMMY,swasta,mapped
FSK0363,Lakarsantri,Apotek,HIKMAH,swasta,mapped
FSK0364,Lakarsantri,Apotek,DIAH FARMA,swasta,mapped
FSK0365,Lakarsantri,Apotek,K - 24 MANUKAN TAMA,swasta,mapped
FSK0366,Lakarsantri,Apotek,d18,swasta,mapped
FSK0367,Lakarsantri,Apotek,SRIKAYA,swasta,mapped
FSK0368,Lakarsantri,Apotek,SEHATI,swasta,mapped
FSK0369,Lakarsantri,Apotek,WATSONS SUPERMALL PAKUWON,swasta,mapped
FSK0370,Lakarsantri,Apotek,BOSTON HEALTH & BEAUTY,swasta,mapped
FSK0371,Lakarsantri,Apotek,DWI,swasta,mapped
FSK0372,Lakarsantri,Apotek,UTAMA,swasta,mapped
FSK0373,Lakarsantri,Apotek,K-24 LIDAH WETAN,swasta,mapped
FSK0374,Lakarsantri,Apotek,K-24 LAKARSANTRI,swasta,mapped
FSK0375,Lakarsantri,Apotek,W,swasta,mapped
FSK0376,Lakarsantri,Toko Obat,SUPER INDO CITRALAND SQUARE,swasta,mapped
FSK0377,Lakarsantri,Klinik Pratama,SUPER SKIN,swasta,mapped
FSK0378,Lakarsantri,Klinik Pratama,ERHA SKIN MENGANTI,swasta,mapped
FSK0379,Lakarsantri,Klinik Pratama,NEW LIFE,swasta,mapped
FSK0380,Lakarsantri,Klinik Pratama,GLOBAL SEJAHTERA ABADA 3,swasta,mapped
FSK0381,Lakarsantri,Klinik Pratama,LUMINAIRE,swasta,mapped
FSK0382,Lakarsantri,Klinik Utama,IDAF HUSADA,swasta,mapped
FSK0383,Lakarsantri,Klinik Utama,MIRACLE AESTHETIC CLINIC,swasta,mapped
FSK0384,Mulyorejo,Rumah Sakit Umum,RS Universitas Airlangga,Kementrian Lain,mapped
FSK0385,Mulyorejo,Apotek,KIMIA FARMA HEALTH AND BEAUTY PAKUWON CITY,lainnya,mapped
FSK0386,Mulyorejo,Puskesmas Induk,Puskesmas Kalijudan,Pemerintah Kota,mapped
FSK0387,Mulyorejo,Puskesmas Induk,Puskesmas Mulyorejo,Pemerintah Kota,mapped
FSK0388,Mulyorejo,Puskesmas Pembantu (Pustu),Pustu Sutorejo,Pemerintah Kota,mapped
FSK0389,Mulyorejo,Puskesmas Pembantu (Pustu),Pustu Mulyorejo / wisma permai,Pemerintah Kota,mapped
FSK0390,Mulyorejo,Rumah Sakit Umum,RS Manyar Medical Centre,Swasta,mapped
FSK0391,Mulyorejo,Rumah Sakit Khusus,RS Ibu dan Anak Kendangsari Merr,Swasta,mapped
FSK0392,Mulyorejo,Rumah Sakit Umum,RS Mitra Keluarga Kenjeran,Swasta,mapped
FSK0393,Mulyorejo,Apotek,MULYOREJO,swasta,mapped
FSK0394,Mulyorejo,Apotek,MUSTAJAB,swasta,mapped
FSK0395,Mulyorejo,Apotek,BAGIANA,swasta,mapped
FSK0396,Mulyorejo,Apotek,ALBA MEDIKA,swasta,mapped
FSK0397,Mulyorejo,Apotek,JEFARMA,swasta,mapped
FSK0398,Mulyorejo,Apotek,CHRIST,swasta,mapped
FSK0399,Mulyorejo,Apotek,GUARDIAN SHOP IN GALAXY MALL,swasta,mapped
FSK0400,Mulyorejo,Apotek,FAMILY FARMA,swasta,mapped
FSK0401,Mulyorejo,Apotek,K - 24 MULYOSARI,swasta,mapped
FSK0402,Mulyorejo,Apotek,XION,swasta,mapped
FSK0403,Mulyorejo,Apotek,PRISKA,swasta,mapped
FSK0404,Mulyorejo,Apotek,VITO,swasta,mapped
FSK0405,Mulyorejo,Apotek,IBECA FARMA,swasta,mapped
FSK0406,Mulyorejo,Apotek,HAVANDI,swasta,mapped
FSK0407,Mulyorejo,Apotek,CINDI,swasta,mapped
FSK0408,Mulyorejo,Apotek,FITRIN,swasta,mapped
FSK0409,Mulyorejo,Apotek,SMILE PLUS,swasta,mapped
FSK0410,Mulyorejo,Apotek,KEISSA,swasta,mapped
FSK0411,Mulyorejo,Apotek,XAVIER,swasta,mapped
FSK0412,Mulyorejo,Apotek,K - 24 MERR KALIJUDAN,swasta,mapped
FSK0413,Mulyorejo,Apotek,MUJUR SURYA,swasta,mapped
FSK0414,Mulyorejo,Apotek,MELISA FARMA,swasta,mapped
FSK0415,Mulyorejo,Apotek,ELHA,swasta,mapped
FSK0416,Mulyorejo,Apotek,WATSONS EAST COST,swasta,mapped
FSK0417,Mulyorejo,Apotek,ENGGAL HUSADA,swasta,mapped
FSK0418,Mulyorejo,Apotek,UNI MEDIKA,swasta,mapped
FSK0419,Mulyorejo,Apotek,WATSONS GALAXY MALL SURABAYA,swasta,mapped
FSK0420,Mulyorejo,Apotek,GUARDIAN GALAXY MALL 3,swasta,mapped
FSK0421,Mulyorejo,Apotek,AIRDAS FARMA,swasta,mapped
FSK0422,Mulyorejo,Apotek,WATSONS GALAX MALL 2,swasta,mapped
FSK0423,Mulyorejo,Apotek,36 Merr,swasta,mapped
FSK0424,Mulyorejo,Toko Obat,INTISARI,swasta,mapped
FSK0425,Mulyorejo,Toko Obat,ZHONG YAO,swasta,mapped
FSK0426,Mulyorejo,Toko Obat,BOSTON HEALTH & BEAUTY ECC,swasta,mapped
FSK0427,Mulyorejo,Toko Obat,SUPERINDO KERTAJAYA,swasta,mapped
FSK0428,Mulyorejo,Toko Obat,Hypermart ECC,swasta,mapped
FSK0429,Mulyorejo,Toko Obat,Super Indo Central Park,swasta,mapped
FSK0430,Mulyorejo,Toko Obat,GUARDIAN EAST COST,swasta,mapped
FSK0431,Mulyorejo,Toko Obat,RANCH MARKET,swasta,mapped
FSK0432,Mulyorejo,Klinik Pratama,PLK - UA KAMPUS C UNAIR,swasta,mapped
FSK0433,Mulyorejo,Klinik Pratama,DOKTER AYOMAN KELUARGA,swasta,mapped
FSK0434,Mulyorejo,Klinik Pratama,ABDI MULIA,swasta,mapped
FSK0435,Mulyorejo,Klinik Pratama,dr. Subur Prajitno,swasta,mapped
FSK0436,Mulyorejo,Klinik Pratama,YAYASAN SOSIAL ABDIHUSADA UTAMA,swasta,mapped
FSK0437,Mulyorejo,Klinik Pratama,ZAP GALAKSI,swasta,mapped
FSK0438,Mulyorejo,Klinik Pratama,SKIDENT AESTHETIC CENTER,swasta,mapped
FSK0439,Mulyorejo,Klinik Pratama,ANF,swasta,mapped
FSK0440,Mulyorejo,Klinik Pratama,LONDON BEAUTY CENTRE,swasta,mapped
FSK0441,Mulyorejo,Klinik Pratama,BIOTECH,swasta,mapped
FSK0442,Mulyorejo,Klinik Utama,3D CLINIC,swasta,mapped
FSK0443,Mulyorejo,Klinik Utama,MEDIKA UTAMA 2,swasta,mapped
FSK0444,Mulyorejo,Klinik Utama,WIDJAJA ASTHMA CENTRE,swasta,mapped
FSK0445,Mulyorejo,Klinik Utama,SHINY SMILE DENTAL CLINIC,swasta,mapped
FSK0446,Mulyorejo,Klinik Utama,SAYANG DIAGNOSTIC CENTER,swasta,mapped
FSK0447,Mulyorejo,Klinik Utama,PRAMITA,swasta,mapped
FSK0448,Mulyorejo,Klinik Utama,MIRACLE AESTHETIC CLINIC,swasta,mapped
FSK0449,Mulyorejo,Klinik Utama,ORTHO PLUS,swasta,mapped
FSK0450,Mulyorejo,Klinik Utama,PROFIRA,swasta,mapped
FSK0451,Mulyorejo,Klinik Utama,ERHA APOTHECARY GALAXY MALL,swasta,mapped
FSK0452,Mulyorejo,Klinik Utama,NATIONAL EYE CENTER,swasta,mapped
FSK0453,Mulyorejo,Klinik Utama,NUSANTARA MEDIKA,swasta,mapped
FSK0454,Mulyorejo,Klinik Utama,VISION EYE CLINIC,swasta,mapped
FSK0455,Mulyorejo,Klinik Utama,PARAHITA DIAGNOSTIC CENTER,swasta,mapped
FSK0456,Mulyorejo,Klinik Utama,TETA,swasta,mapped
FSK0457,Mulyorejo,Klinik Utama,MITRA HUSADA,swasta,mapped
FSK0458,Pabean Cantian,Rumah Sakit Umum,RS Primasatya Husada Citra (PHC) Surabaya,BUMN,mapped
FSK0459,Pabean Cantian,Apotek,KIMIA FARMA NO.304,lainnya,mapped
FSK0460,Pabean Cantian,Puskesmas Induk,Puskesmas Perak Timur,Pemerintah Kota,mapped
FSK0461,Pabean Cantian,Puskesmas Pembantu (Pustu),Pustu Bongkaran,Pemerintah Kota,mapped
FSK0462,Pabean Cantian,Puskesmas Pembantu (Pustu),Pustu Nyamplungan,Pemerintah Kota,mapped
FSK0463,Pabean Cantian,Puskesmas Pembantu (Pustu),Pustu Perak Barat,Pemerintah Kota,mapped
FSK0464,Pabean Cantian,Rumah Sakit Umum,RS PKU Muhammadiyah Surabaya,Swasta,mapped
FSK0465,Pabean Cantian,Rumah Sakit Umum,RS Umum Al-Irsyad Surabaya,Swasta,mapped
FSK0466,Pabean Cantian,Apotek,AN JAYA,swasta,mapped
FSK0467,Pabean Cantian,Apotek,BUNGURAN,swasta,mapped
FSK0468,Pabean Cantian,Apotek,ATUM FARMA,swasta,mapped
FSK0469,Pabean Cantian,Apotek,IBUNDA,swasta,mapped
FSK0470,Pabean Cantian,Apotek,BERLIN,swasta,mapped
FSK0471,Pabean Cantian,Apotek,8 ( DELAPAN ),swasta,mapped
FSK0472,Pabean Cantian,Apotek,BERLIN 2,swasta,mapped
FSK0473,Pabean Cantian,Apotek,SAMPURNA FARMA,swasta,mapped
FSK0474,Pabean Cantian,Apotek,SINAR BAHAGIA,swasta,mapped
FSK0475,Pabean Cantian,Apotek,BERKAH MAKMUR,swasta,mapped
FSK0476,Pabean Cantian,Apotek,K24 Kopelindo 3,swasta,mapped
FSK0477,Pabean Cantian,Toko Obat,SARI WARAS,swasta,mapped
FSK0478,Pabean Cantian,Toko Obat,MANDARIN,swasta,mapped
FSK0479,Pabean Cantian,Toko Obat,ASEAN,swasta,mapped
FSK0480,Pabean Cantian,Toko Obat,SAUDARA,swasta,mapped
FSK0481,Pabean Cantian,Toko Obat,SAHABAT KITA JAYA,swasta,mapped
FSK0482,Pabean Cantian,Toko Obat,SAUDARA ONLINE,swasta,mapped
FSK0483,Pabean Cantian,Toko Obat,BIE,swasta,mapped
FSK0484,Pabean Cantian,Toko Obat,MANDARIN 2,swasta,mapped
FSK0485,Pabean Cantian,Klinik Pratama,SEBU,swasta,mapped
FSK0486,Pabean Cantian,Klinik Utama,WIBOWO DENTAL CLINIC,swasta,mapped
FSK0487,Pabean Cantian,Klinik Utama,OILIA,swasta,mapped
FSK0488,Pabean Cantian,Rumah Sakit Umum,RS TNI AL Dr. Oepomo,TNI/POLRI,mapped
FSK0489,Pabean Cantian,Klinik Pratama,POLRES PELABUHAN TANJUNG PERAK,TNI/POLRI,mapped
FSK0490,Pakal,Puskesmas Induk,Puskesmas Benowo,Pemerintah Kota,mapped
FSK0491,Pakal,Puskesmas Pembantu (Pustu),Pustu Babat Jerawat,Pemerintah Kota,mapped
FSK0492,Pakal,Puskesmas Pembantu (Pustu),Pustu Pakal,Pemerintah Kota,mapped
FSK0493,Pakal,Puskesmas Pembantu (Pustu),Pustu Sumber Rejo,Pemerintah Kota,mapped
FSK0494,Pakal,Puskesmas Pembantu (Pustu),Pustu Tambak Dono,Pemerintah Kota,mapped
FSK0495,Pakal,Rumah Sakit Umum,RS Islam Darus Syifa,Swasta,mapped
FSK0496,Pakal,Apotek,BENOWO FARMA,swasta,mapped
FSK0497,Pakal,Apotek,APP 3 PAKAL,swasta,mapped
FSK0498,Pakal,Klinik Utama,3D CLINIC,swasta,mapped
FSK0499,Rungkut,Apotek,KIMIA FARMA PANDUGO,lainnya,mapped
FSK0500,Rungkut,Apotek,KIMIA FARMA 526 RUNGKUT,lainnya,mapped
FSK0501,Rungkut,Puskesmas Induk,Puskesmas Kalirungkut,Pemerintah Kota,mapped
FSK0502,Rungkut,Puskesmas Induk,Puskesmas Medokan Ayu,Pemerintah Kota,mapped
FSK0503,Rungkut,Puskesmas Pembantu (Pustu),Pustu Medokan Ayu,Pemerintah Kota,mapped
FSK0504,Rungkut,Puskesmas Pembantu (Pustu),Pustu Penjaringan Sari,Pemerintah Kota,mapped
FSK0505,Rungkut,Puskesmas Pembantu (Pustu),Pustu Rungkut Kidul,Pemerintah Kota,mapped
FSK0506,Rungkut,Rumah Sakit Umum,RS Umum Royal Surabaya,Swasta,mapped
FSK0507,Rungkut,Apotek,SETIABUDI,swasta,mapped
FSK0508,Rungkut,Apotek,SIDO WARAS,swasta,mapped
FSK0509,Rungkut,Apotek,VALENTINO,swasta,mapped
FSK0510,Rungkut,Apotek,JIREH,swasta,mapped
FSK0511,Rungkut,Apotek,ELLY,swasta,mapped
FSK0512,Rungkut,Apotek,GOHLIS,swasta,mapped
FSK0513,Rungkut,Apotek,DANDE FARMA,swasta,mapped
FSK0514,Rungkut,Apotek,CENTRO,swasta,mapped
FSK0515,Rungkut,Apotek,JESA INTI FARMA,swasta,mapped
FSK0516,Rungkut,Apotek,TAKAVI,swasta,mapped
FSK0517,Rungkut,Apotek,MEDAYU FARMA,swasta,mapped
FSK0518,Rungkut,Apotek,ARDILA,swasta,mapped
FSK0519,Rungkut,Apotek,VIVA GENERIK KEDUNG ASEM,swasta,mapped
FSK0520,Rungkut,Apotek,CENDRAWASIH,swasta,mapped
FSK0521,Rungkut,Apotek,VIVA GENERIK MEDOKAN SAWAH,swasta,mapped
FSK0522,Rungkut,Apotek,K - 24 RUNGKUT ASRI,swasta,mapped
FSK0523,Rungkut,Apotek,JECONIA,swasta,mapped
FSK0524,Rungkut,Apotek,HASIL,swasta,mapped
FSK0525,Rungkut,Apotek,VIVA APOTEK WONOREJO SELATAN,swasta,mapped
FSK0526,Rungkut,Apotek,MEGA RAYA,swasta,mapped
FSK0527,Rungkut,Apotek,K 24 RUNGKUT MADYA,swasta,mapped
FSK0528,Rungkut,Apotek,SAHABAT MEDIKA,swasta,mapped
FSK0529,Rungkut,Apotek,VIVA APOTEK RUNGKUT MEJOYO,swasta,mapped
FSK0530,Rungkut,Apotek,K-24 MEDOKAN AYU,swasta,mapped
FSK0531,Rungkut,Apotek,DASSA ALPHA,swasta,mapped
FSK0532,Rungkut,Apotek,FORA MEDICAL,swasta,mapped
FSK0533,Rungkut,Apotek,MEI FARMA,swasta,mapped
FSK0534,Rungkut,Apotek,K24 Tenggilis,swasta,mapped
FSK0535,Rungkut,Apotek,Rungkut Sehat,swasta,mapped
FSK0536,Rungkut,Apotek,Rungkut,swasta,mapped
FSK0537,Rungkut,Toko Obat,toko Obat PT. Trans Retail Indonesia Cabang Transmart Carrefour Rungkut Surabaya,swasta,mapped
FSK0538,Rungkut,Toko Obat,Super Indo Rungkut,swasta,mapped
FSK0539,Rungkut,Toko Obat,BERKAT WAHYU,swasta,mapped
FSK0540,Rungkut,Klinik Pratama,WIDYA MANDIRI,swasta,mapped
FSK0541,Rungkut,Klinik Pratama,dr. EKO,swasta,mapped
FSK0542,Rungkut,Klinik Pratama,PT. HM Sampoerna Tbk,swasta,mapped
FSK0543,Rungkut,Klinik Pratama,CITA HUSADA,swasta,mapped
FSK0544,Rungkut,Klinik Pratama,PT.HM Sampoerna Tbk,swasta,mapped
FSK0545,Rungkut,Klinik Pratama,YAYUK ISMAIL,swasta,mapped
FSK0546,Rungkut,Klinik Pratama,PT. UNILEVER INDONESIA Tbk,swasta,mapped
FSK0547,Rungkut,Klinik Pratama,D'ESTHETICO,swasta,mapped
FSK0548,Rungkut,Klinik Pratama,UBAYA,swasta,mapped
FSK0549,Rungkut,Klinik Pratama,NAYAKA HUSADA 42,swasta,mapped
FSK0550,Rungkut,Klinik Pratama,dr. NICE,swasta,mapped
FSK0551,Rungkut,Klinik Pratama,MEDIKA PRADHANA,swasta,mapped
FSK0552,Rungkut,Klinik Pratama,MICHELLE,swasta,mapped
FSK0553,Rungkut,Klinik Pratama,SUPER SKIN,swasta,mapped
FSK0554,Rungkut,Klinik Pratama,ROYAL CLINIC MERR,swasta,mapped
FSK0555,Rungkut,Klinik Pratama,DELOVELY RUNGKUT,swasta,mapped
FSK0556,Rungkut,Klinik Pratama,KESAYANGAN,swasta,mapped
FSK0557,Rungkut,Klinik Utama,PUSURA RUNGKUT,swasta,mapped
FSK0558,Rungkut,Klinik Utama,dr. HARYO Eye Care,swasta,mapped
FSK0559,Rungkut,Klinik Utama,ANARE,swasta,mapped
FSK0560,Rungkut,Klinik Utama,CT KLINIK,swasta,mapped
FSK0561,Sambikerep,Puskesmas Induk,Puskesmas Lontar,Pemerintah Kota,mapped
FSK0562,Sambikerep,Puskesmas Induk,Puskesmas Made,Pemerintah Kota,mapped
FSK0563,Sambikerep,Rumah Sakit Khusus,RS Ibu dan Anak Nur Ummi Numbi,Swasta,mapped
FSK0564,Sambikerep,Rumah Sakit Khusus,RS Ibu dan Anak Lombok Dua Dua Lontar,Swasta,mapped
FSK0565,Sambikerep,Apotek,TENGGER 3,swasta,mapped
FSK0566,Sambikerep,Apotek,GLORY,swasta,mapped
FSK0567,Sambikerep,Apotek,GEMMA FARMA,swasta,mapped
FSK0568,Sambikerep,Apotek,BRINGIN INDAH,swasta,mapped
FSK0569,Sambikerep,Apotek,TIARA CITRA RAYA,swasta,mapped
FSK0570,Sambikerep,Apotek,VIVA GENERIK BUMI INDAH,swasta,mapped
FSK0571,Sambikerep,Apotek,SAMBIKEREP,swasta,mapped
FSK0572,Sambikerep,Apotek,APP 2 LONTAR,swasta,mapped
FSK0573,Sambikerep,Apotek,AQILAH,swasta,mapped
FSK0574,Sambikerep,Apotek,MANUKAN,swasta,mapped
FSK0575,Sambikerep,Apotek,RODISON,swasta,mapped
FSK0576,Sambikerep,Apotek,ANUGERAH MEDIKA,swasta,mapped
FSK0577,Sambikerep,Apotek,UTAMA SAMBIKEREP,swasta,mapped
FSK0578,Sambikerep,Apotek,K24 LONTAR,swasta,mapped
FSK0579,Sambikerep,Toko Obat,HYPERMART SUPERMALL PAKUWON INDAH,swasta,mapped
FSK0580,Sambikerep,Toko Obat,BAROKAH,swasta,mapped
FSK0581,Sambikerep,Klinik Pratama,"POLY ""PT. PAKUWON PERMAI""",swasta,mapped
FSK0582,Sambikerep,Klinik Pratama,ERHA APOTHECARY,swasta,mapped
FSK0583,Sambikerep,Klinik Pratama,CAHAYA DAMAI,swasta,mapped
FSK0584,Sambikerep,Klinik Pratama,MEDPOINT,swasta,mapped
FSK0585,Sambikerep,Klinik Pratama,MIFTACHUL MUNIR MEDIKA,swasta,mapped
FSK0586,Sambikerep,Klinik Pratama,THE EMDEE SKIN CLINIC,swasta,mapped
FSK0587,Sambikerep,Klinik Pratama,HAYYU SYAR'I,swasta,mapped
FSK0588,Sambikerep,Klinik Utama,EZMO CLINIC,swasta,mapped
FSK0589,Sambikerep,Klinik Utama,LINA LICA,swasta,mapped
FSK0590,Sambikerep,Klinik Utama,TEETH TOOTH,swasta,mapped
FSK0591,Sawahan,Apotek,KIMIA FARMA NO.243,lainnya,mapped
FSK0592,Sawahan,Puskesmas Induk,Puskesmas Banyu Urip,Pemerintah Kota,mapped
FSK0593,Sawahan,Puskesmas Induk,Puskesmas Pakis,Pemerintah Kota,mapped
FSK0594,Sawahan,Puskesmas Induk,Puskesmas Putat Jaya,Pemerintah Kota,mapped
FSK0595,Sawahan,Puskesmas Induk,Puskesmas Sawahan,Pemerintah Kota,mapped
FSK0596,Sawahan,Puskesmas Pembantu (Pustu),Pustu Petemon,Pemerintah Kota,mapped
FSK0597,Sawahan,Puskesmas Pembantu (Pustu),Pustu Putat Jaya,Pemerintah Kota,mapped
FSK0598,Sawahan,Puskesmas Pembantu (Pustu),Pustu Simokatrungan,Pemerintah Kota,mapped
FSK0599,Sawahan,Rumah Sakit Umum,Mayapada Hospital Surabaya,Swasta,mapped
FSK0600,Sawahan,Apotek,AGAPE,swasta,mapped
FSK0601,Sawahan,Apotek,MITRA FARMA,swasta,mapped
FSK0602,Sawahan,Apotek,KHEN,swasta,mapped
FSK0603,Sawahan,Apotek,PURI FARMA,swasta,mapped
FSK0604,Sawahan,Apotek,MENGGALA,swasta,mapped
FSK0605,Sawahan,Apotek,STEVEN,swasta,mapped
FSK0606,Sawahan,Apotek,DWI JAYA,swasta,mapped
FSK0607,Sawahan,Apotek,SUGENG,swasta,mapped
FSK0608,Sawahan,Apotek,FAJAR,swasta,mapped
FSK0609,Sawahan,Apotek,TENOJAYA,swasta,mapped
FSK0610,Sawahan,Apotek,TOWER FARMA,swasta,mapped
FSK0611,Sawahan,Apotek,ARI FARMA,swasta,mapped
FSK0612,Sawahan,Apotek,DAMAI,swasta,mapped
FSK0613,Sawahan,Apotek,C n C,swasta,mapped
FSK0614,Sawahan,Apotek,DEWI FARMA,swasta,mapped
FSK0615,Sawahan,Apotek,VIVA APOTEK SIMO GUNUNG,swasta,mapped
FSK0616,Sawahan,Apotek,VIVA APOTEK BANYU URIP WETAN,swasta,mapped
FSK0617,Sawahan,Apotek,PELITA JAYA,swasta,mapped
FSK0618,Sawahan,Apotek,VIVA APOTEK PACUAN KUDA,swasta,mapped
FSK0619,Sawahan,Apotek,MZ 8,swasta,mapped
FSK0620,Sawahan,Apotek,VIVA APOTEK PETEMON BARAT,swasta,mapped
FSK0621,Sawahan,Apotek,PAHALA PACUAN,swasta,mapped
FSK0622,Sawahan,Apotek,K-24 SIMO KWAGEAN,swasta,mapped
FSK0623,Sawahan,Toko Obat,SUMBER SELAMET,swasta,mapped
FSK0624,Sawahan,Toko Obat,Multi Sehat Jaya,swasta,mapped
FSK0625,Sawahan,Klinik Utama,PRAMITA,swasta,mapped
FSK0626,Sawahan,Klinik Pratama,HIDAYAH,swasta,mapped
FSK0627,Sawahan,Klinik Pratama,KIMIA FARMA BANYU URIP,swasta,mapped
FSK0628,Sawahan,Klinik Pratama,CLARICE,swasta,mapped
FSK0629,Sawahan,Klinik Pratama,DELOVELY,swasta,mapped
FSK0630,Sawahan,Klinik Pratama,BDS PACUAN KUDA,swasta,mapped
FSK0631,Sawahan,Klinik Pratama,PUSURA SUNGKONO,swasta,mapped
FSK0632,Sawahan,Klinik Pratama,Lazarus,swasta,mapped
FSK0633,Sawahan,Klinik Utama,dr. RUSTIADJI,swasta,mapped
FSK0634,Sawahan,Klinik Utama,PRAMITA,swasta,mapped
FSK0635,Semampir,Klinik Pratama,AMPEL,lainnya,mapped
FSK0636,Semampir,Puskesmas Induk,Puskesmas Pegirian,Pemerintah Kota,mapped
FSK0637,Semampir,Puskesmas Induk,Puskesmas Sawah Pulo,Pemerintah Kota,mapped
FSK0638,Semampir,Puskesmas Induk,Puskesmas Sidotopo,Pemerintah Kota,mapped
FSK0639,Semampir,Puskesmas Induk,Puskesmas Wonokusumo,Pemerintah Kota,mapped
FSK0640,Semampir,Puskesmas Pembantu (Pustu),Pustu Pegirian,Pemerintah Kota,mapped
FSK0641,Semampir,Puskesmas Pembantu (Pustu),Pustu Wonokusumo,Pemerintah Kota,mapped
FSK0642,Semampir,Rumah Sakit Umum,RS Husada Prima,Pemerintah Provinsi,mapped
FSK0643,Semampir,Apotek,KEMAJUAN,swasta,mapped
FSK0644,Semampir,Apotek,MUSTIKA JAYA I,swasta,mapped
FSK0645,Semampir,Apotek,WONOSARI MEDIKA,swasta,mapped
FSK0646,Semampir,Apotek,AMIRA,swasta,mapped
FSK0647,Semampir,Apotek,SURAMADU,swasta,mapped
FSK0648,Semampir,Apotek,PERMATA P,swasta,mapped
FSK0649,Semampir,Apotek,VIVA GENERIK WONOKUSUMO,swasta,mapped
FSK0650,Semampir,Apotek,AZIFAH,swasta,mapped
FSK0651,Semampir,Apotek,ALMIRA,swasta,mapped
FSK0652,Semampir,Apotek,K24 WONOKUSUMO,swasta,mapped
FSK0653,Semampir,Apotek,RAFA FARMA BULAK JAYA,swasta,mapped
FSK0654,Semampir,Apotek,BERLIN 3,swasta,mapped
FSK0655,Semampir,Apotek,KAHA,swasta,mapped
FSK0656,Semampir,Klinik Pratama,WACHID HASYIM,swasta,mapped
FSK0657,Semampir,Klinik Pratama,MEDISKA SIDOTOPO,swasta,mapped
FSK0658,Semampir,Klinik Pratama,INDOSEHAT 2003,swasta,mapped
FSK0659,Semampir,Klinik Utama,PROSPEK,swasta,mapped
FSK0660,Semampir,Klinik Utama,INDOSEHAT 2003,swasta,mapped
FSK0661,Semampir,Klinik Pratama,dr. IDRIS P. SIREGAR,TNI/POLRI,mapped
FSK0662,Simokerto,Apotek,KIMIA FARMA TAMBAK REJO,lainnya,mapped
FSK0663,Simokerto,Rumah Sakit Umum,RS Umum Daerah dr. Mohamad Soewandhie,Pemerintah Kota,mapped
FSK0664,Simokerto,Puskesmas Induk,Puskesmas Simolawang,Pemerintah Kota,mapped
FSK0665,Simokerto,Puskesmas Induk,Puskesmas Tambakrejo,Pemerintah Kota,mapped
FSK0666,Simokerto,Puskesmas Pembantu (Pustu),Pustu Kapasari,Pemerintah Kota,mapped
FSK0667,Simokerto,Puskesmas Pembantu (Pustu),Pustu Kapasan,Pemerintah Kota,mapped
FSK0668,Simokerto,Puskesmas Pembantu (Pustu),Pustu Granting,Pemerintah Kota,mapped
FSK0669,Simokerto,Puskesmas Pembantu (Pustu),Pustu Kebondalem,Pemerintah Kota,mapped
FSK0670,Simokerto,Puskesmas Pembantu (Pustu),Pustu Sidodadi,Pemerintah Kota,mapped
FSK0671,Simokerto,Puskesmas Pembantu (Pustu),Pustu Sidoyoso Kali,Pemerintah Kota,mapped
FSK0672,Simokerto,Rumah Sakit Umum,RS Umum Daerah Dr. Soetomo,Pemerintah Provinsi,mapped
FSK0673,Simokerto,Rumah Sakit Umum,RS Umum Adi Husada Kapasari,Swasta,mapped
FSK0674,Simokerto,Apotek,BHUMYAMCA II,swasta,mapped
FSK0675,Simokerto,Apotek,SEGARAN,swasta,mapped
FSK0676,Simokerto,Apotek,MATAHARI FARMA,swasta,mapped
FSK0677,Simokerto,Apotek,K - 24 KAPASARI,swasta,mapped
FSK0678,Simokerto,Apotek,SUMBER WARAS,swasta,mapped
FSK0679,Simokerto,Apotek,TERAS PHARMA,swasta,mapped
FSK0680,Simokerto,Toko Obat,KENDJERAN,swasta,mapped
FSK0681,Simokerto,Toko Obat,toko Obat PT. Trans Retail Indonesia Cabang Carrefour ITC Mega Grosir Surabaya,swasta,mapped
FSK0682,Simokerto,Klinik Utama,PROSPEK (SIMOKERTO),swasta,mapped
FSK0683,Sukolilo,Apotek,KIMIA FARMA KLAMPIS,lainnya,mapped
FSK0684,Sukolilo,Apotek,KIMIA FARMA MENUR,lainnya,mapped
FSK0685,Sukolilo,Puskesmas Induk,Puskesmas Keputih,Pemerintah Kota,mapped
FSK0686,Sukolilo,Puskesmas Induk,Puskesmas Klampis Ngasem,Pemerintah Kota,mapped
FSK0687,Sukolilo,Puskesmas Induk,Puskesmas Menur,Pemerintah Kota,mapped
FSK0688,Sukolilo,Puskesmas Pembantu (Pustu),Pustu Gebang Putih,Pemerintah Kota,mapped
FSK0689,Sukolilo,Puskesmas Pembantu (Pustu),Pustu Medokan Semampir,Pemerintah Kota,mapped
FSK0690,Sukolilo,Puskesmas Pembantu (Pustu),Pustu Semolowaru,Pemerintah Kota,mapped
FSK0691,Sukolilo,Rumah Sakit Umum,RS Umum Haji Surabaya,Pemerintah Provinsi,mapped
FSK0692,Sukolilo,Klinik Utama,EMBARKASI HAJI SURABAYA,Pemerintah Provinsi Jawa Timur,mapped
FSK0693,Sukolilo,Rumah Sakit Khusus,RS Onkologi,Swasta,mapped
FSK0694,Sukolilo,Rumah Sakit Umum,RS Premier Surabaya,Swasta,mapped
FSK0695,Sukolilo,Rumah Sakit Khusus,RS Ibu dan Anak Putri Surabaya,Swasta,mapped
FSK0696,Sukolilo,Rumah Sakit Umum,RS Gotong Royong,Swasta,mapped
FSK0697,Sukolilo,Apotek,MENUR,swasta,mapped
FSK0698,Sukolilo,Apotek,PRIMADANA,swasta,mapped
FSK0699,Sukolilo,Apotek,LIBRA,swasta,mapped
FSK0700,Sukolilo,Apotek,KENJERAN,swasta,mapped
FSK0701,Sukolilo,Apotek,ASTI FARMA,swasta,mapped
FSK0702,Sukolilo,Apotek,NATANETTE,swasta,mapped
FSK0703,Sukolilo,Apotek,LIBRA 2,swasta,mapped
FSK0704,Sukolilo,Apotek,SELARAS,swasta,mapped
FSK0705,Sukolilo,Apotek,KARYA SUKSES,swasta,mapped
FSK0706,Sukolilo,Apotek,K-24 MANYAR,swasta,mapped
FSK0707,Sukolilo,Apotek,LATOVI,swasta,mapped
FSK0708,Sukolilo,Apotek,EXPRESS,swasta,mapped
FSK0709,Sukolilo,Apotek,SENTRA BERKAT,swasta,mapped
FSK0710,Sukolilo,Apotek,K-24 KLAMPIS,swasta,mapped
FSK0711,Sukolilo,Apotek,DR. RATNA,swasta,mapped
FSK0712,Sukolilo,Apotek,SEMAMPIR RAYA,swasta,mapped
FSK0713,Sukolilo,Apotek,CENTRO FARMA,swasta,mapped
FSK0714,Sukolilo,Apotek,AALIYA FARMA,swasta,mapped
FSK0715,Sukolilo,Apotek,RACHMAT,swasta,mapped
FSK0716,Sukolilo,Apotek,TERANG FARMA,swasta,mapped
FSK0717,Sukolilo,Apotek,K24 KEPUTIH,swasta,mapped
FSK0718,Sukolilo,Apotek,ANYA,swasta,mapped
FSK0719,Sukolilo,Apotek,TRIA FARMA,swasta,mapped
FSK0720,Sukolilo,Apotek,Lifepack,swasta,mapped
FSK0721,Sukolilo,Toko Obat,SUPER INDO SEMOLOWARU,swasta,mapped
FSK0722,Sukolilo,Toko Obat,SUPER INDO ARIF RAHMAN HAKIM,swasta,mapped
FSK0723,Sukolilo,Toko Obat,GUARDIAN AR HAKIM,swasta,mapped
FSK0724,Sukolilo,Toko Obat,KLAMPIS SEMOLO,swasta,mapped
FSK0725,Sukolilo,Toko Obat,Hypermart Arief Rachman Hakim,swasta,mapped
FSK0726,Sukolilo,Klinik Pratama,STIESIA,swasta,mapped
FSK0727,Sukolilo,Klinik Pratama,EMDEE,swasta,mapped
FSK0728,Sukolilo,Klinik Pratama,GOTONG ROYONG I,swasta,mapped
FSK0729,Sukolilo,Klinik Pratama,MEDICAL CENTER ITS,swasta,mapped
FSK0730,Sukolilo,Klinik Pratama,dr. RETNAWATI,swasta,mapped
FSK0731,Sukolilo,Klinik Pratama,SILOAM SURABAYA,swasta,mapped
FSK0732,Sukolilo,Klinik Pratama,FACENA,swasta,mapped
FSK0733,Sukolilo,Klinik Pratama,FLORA HOUSE OF BEAUTY,swasta,mapped
FSK0734,Sukolilo,Klinik Pratama,EVINE,swasta,mapped
FSK0735,Sukolilo,Klinik Pratama,EMDEE,swasta,mapped
FSK0736,Sukolilo,Klinik Utama,SENTRA REHABILITASI MEDIK MERIDIAN,swasta,mapped
FSK0737,Sukolilo,Klinik Utama,Universitas 17 Agustus 1945 (UNTAG) Surabaya,swasta,mapped
FSK0738,Sukolilo,Klinik Utama,LESTARI,swasta,mapped
FSK0739,Sukolilo,Klinik Utama,D-ARTS DENTAL CLINIC,swasta,mapped
FSK0740,Sukolilo,Klinik Utama,JET - Z DENTAL AESTHETIC CLINIC,swasta,mapped
FSK0741,Suko Manunggal,Apotek,KIMIA FARMA KUPANG JAYA,lainnya,mapped
FSK0742,Suko Manunggal,Apotek,KIMIA FARMA HR MUHAMMAD,lainnya,mapped
FSK0743,Suko Manunggal,Puskesmas Induk,Puskesmas Simomulyo,Pemerintah Kota,mapped
FSK0744,Suko Manunggal,Puskesmas Induk,Puskesmas Tanjungsari,Pemerintah Kota,mapped
FSK0745,Suko Manunggal,Puskesmas Pembantu (Pustu),Pustu Putat Gede,Pemerintah Kota,mapped
FSK0746,Suko Manunggal,Puskesmas Pembantu (Pustu),Pustu Simohilir,Pemerintah Kota,mapped
FSK0747,Suko Manunggal,Puskesmas Pembantu (Pustu),Pustu Sonokawijenan,Pemerintah Kota,mapped
FSK0748,Suko Manunggal,Klinik Pratama,BNN PROVINSI JAWA TIMUR,Pemerintah Provinsi Jawa Timur,mapped
FSK0749,Suko Manunggal,Rumah Sakit Umum,RS Umum Mitra Keluarga Surabaya,Swasta,mapped
FSK0750,Suko Manunggal,Apotek,SATELITE,swasta,mapped
FSK0751,Suko Manunggal,Apotek,SAPUTRA JAYA,swasta,mapped
FSK0752,Suko Manunggal,Apotek,KUPANG BARU,swasta,mapped
FSK0753,Suko Manunggal,Apotek,TIARA SATELIT,swasta,mapped
FSK0754,Suko Manunggal,Apotek,HANSEN,swasta,mapped
FSK0755,Suko Manunggal,Apotek,AL FALAH,swasta,mapped
FSK0756,Suko Manunggal,Apotek,WATSONS LAGOON SUNGKONO,swasta,mapped
FSK0757,Suko Manunggal,Apotek,K-24 SUKOMANUNGGAL,swasta,mapped
FSK0758,Suko Manunggal,Apotek,K-24 Bukit Darmo,swasta,mapped
FSK0759,Suko Manunggal,Toko Obat,SUPER INDO SATELIT UTARA,swasta,mapped
FSK0760,Suko Manunggal,Klinik Pratama,DINAYLA UTAMA 84,swasta,mapped
FSK0761,Suko Manunggal,Klinik Pratama,ELYON,swasta,mapped
FSK0762,Suko Manunggal,Klinik Pratama,L'VIORS,swasta,mapped
FSK0763,Suko Manunggal,Klinik Pratama,ID BEAUTY CLINIC,swasta,mapped
FSK0764,Suko Manunggal,Klinik Pratama,LARISSA,swasta,mapped
FSK0765,Suko Manunggal,Klinik Pratama,FAIZAH MEDIKA,swasta,mapped
FSK0766,Suko Manunggal,Klinik Utama,ABDI MULIA,swasta,mapped
FSK0767,Suko Manunggal,Klinik Utama,KASIH KARUNIA,swasta,mapped
FSK0768,Suko Manunggal,Klinik Utama,ABDI MULIA,swasta,mapped
FSK0769,Suko Manunggal,Klinik Utama,PRIMED,swasta,mapped
FSK0770,Tambaksari,Klinik Pratama,POLKES 05.09.04 SURABAYA,lainnya,mapped
FSK0771,Tambaksari,Puskesmas Induk,Puskesmas Gading,Pemerintah Kota,mapped
FSK0772,Tambaksari,Puskesmas Induk,Puskesmas Pacar Keling,Pemerintah Kota,mapped
FSK0773,Tambaksari,Puskesmas Induk,Puskesmas Rangkah,Pemerintah Kota,mapped
FSK0774,Tambaksari,Puskesmas Pembantu (Pustu),Pustu Karang Empat,Pemerintah Kota,mapped
FSK0775,Tambaksari,Rumah Sakit Umum,RS Husada Utama Surabaya,Swasta,mapped
FSK0776,Tambaksari,Apotek,BLESSING,swasta,mapped
FSK0777,Tambaksari,Apotek,SUPER FARMA,swasta,mapped
FSK0778,Tambaksari,Apotek,LESTARI FARMA,swasta,mapped
FSK0779,Tambaksari,Apotek,K24 KAPAS KRAMPUNG,swasta,mapped
FSK0780,Tambaksari,Apotek,PRIMADONA,swasta,mapped
FSK0781,Tambaksari,Apotek,PUTERI BUANA,swasta,mapped
FSK0782,Tambaksari,Apotek,PERMATA,swasta,mapped
FSK0783,Tambaksari,Apotek,TING - TING FARMA,swasta,mapped
FSK0784,Tambaksari,Apotek,VIVA APOTEK DUKUH SETRO,swasta,mapped
FSK0785,Tambaksari,Apotek,178,swasta,mapped
FSK0786,Tambaksari,Apotek,SILVIANA,swasta,mapped
FSK0787,Tambaksari,Apotek,VIVA APOTEK KAPAS MADYA,swasta,mapped
FSK0788,Tambaksari,Apotek,GOLDEN FARMA,swasta,mapped
FSK0789,Tambaksari,Apotek,JOYFUL,swasta,mapped
FSK0790,Tambaksari,Apotek,SAHABAT SEHAT,swasta,mapped
FSK0791,Tambaksari,Apotek,GABRIEL,swasta,mapped
FSK0792,Tambaksari,Apotek,NICHO,swasta,mapped
FSK0793,Tambaksari,Apotek,BASKARA,swasta,mapped
FSK0794,Tambaksari,Apotek,SABILILLAH,swasta,mapped
FSK0795,Tambaksari,Apotek,SYIFA,swasta,mapped
FSK0796,Tambaksari,Apotek,K - 24 PLOSO,swasta,mapped
FSK0797,Tambaksari,Apotek,MALIKA,swasta,mapped
FSK0798,Tambaksari,Apotek,BK,swasta,mapped
FSK0799,Tambaksari,Apotek,MEKAR REJEKI FARMA,swasta,mapped
FSK0800,Tambaksari,Apotek,DUKUH SETRO,swasta,mapped
FSK0801,Tambaksari,Apotek,VIVA APOTEK KARANG ASEM,swasta,mapped
FSK0802,Tambaksari,Toko Obat,WAN FU DANG,swasta,mapped
FSK0803,Tambaksari,Toko Obat,WAN HO DANG,swasta,mapped
FSK0804,Tambaksari,Klinik Pratama,TABITA,swasta,mapped
FSK0805,Tambaksari,Klinik Pratama,MEDISKA SURABAYA GUBENG,swasta,mapped
FSK0806,Tambaksari,Klinik Pratama,WISMA HUSADA,swasta,mapped
FSK0807,Tambaksari,Klinik Pratama,SURYA GIRI JAYA 122,swasta,mapped
FSK0808,Tambaksari,Klinik Pratama,PALANG MERAH INDONESIA,swasta,mapped
FSK0809,Tambaksari,Klinik Pratama,ALBA MEDIKA,swasta,mapped
FSK0810,Tambaksari,Klinik Pratama,INDIRA,swasta,mapped
FSK0811,Tambaksari,Klinik Pratama,KAPAS MADYA,swasta,mapped
FSK0812,Tambaksari,Klinik Pratama,KEELA,swasta,mapped
FSK0813,Tambaksari,Klinik Pratama,ESTETIKA LARISSA,swasta,mapped
FSK0814,Tambaksari,Klinik Pratama,BEAUDENT,swasta,mapped
FSK0815,Tambaksari,Klinik Utama,WALUYO JATI,swasta,mapped
FSK0816,Tambaksari,Klinik Utama,VINCENTIUS KRISTUS RAJA,swasta,mapped
FSK0817,Tambaksari,Klinik Utama,SAHABAT MEDIKA,swasta,mapped
FSK0818,Tambaksari,Klinik Utama,ADI GUNA,swasta,mapped
FSK0819,Tandes,Apotek,PRIMA ANUGERAH,lainnya,mapped
FSK0820,Tandes,Puskesmas Induk,Puskesmas Balongsari,Pemerintah Kota,mapped
FSK0821,Tandes,Puskesmas Induk,Puskesmas Manukan Kulon,Pemerintah Kota,mapped
FSK0822,Tandes,Puskesmas Pembantu (Pustu),Pustu Banjarsugihan,Pemerintah Kota,mapped
FSK0823,Tandes,Puskesmas Pembantu (Pustu),Pustu Buntaran,Pemerintah Kota,mapped
FSK0824,Tandes,Rumah Sakit Umum,RS Muji Rahayu,Swasta,mapped
FSK0825,Tandes,Apotek,JAYA MULYA,swasta,mapped
FSK0826,Tandes,Apotek,AMORITA FARMA,swasta,mapped
FSK0827,Tandes,Apotek,MUKTI HUSADA,swasta,mapped
FSK0828,Tandes,Apotek,KRAJAN,swasta,mapped
FSK0829,Tandes,Apotek,K - 24 DARMO INDAH,swasta,mapped
FSK0830,Tandes,Apotek,K24 BALONGSARI TAMA,swasta,mapped
FSK0831,Tandes,Apotek,WATSONS FOOD JUNCTION,swasta,mapped
FSK0832,Tandes,Apotek,MITRA SEHAT,swasta,mapped
FSK0833,Tandes,Apotek,Rafa Farma Manukan,swasta,mapped
FSK0834,Tandes,Toko Obat,SUPER INDO MANUKAN,swasta,mapped
FSK0835,Tandes,Toko Obat,Boston food junction,swasta,mapped
FSK0836,Tandes,Toko Obat,Toko Obat Hypermart Foodjunction,swasta,mapped
FSK0837,Tandes,Klinik Pratama,PT. GELORA DJAJA,swasta,mapped
FSK0838,Tandes,Klinik Pratama,PERDANA HUSADA,swasta,mapped
FSK0839,Tandes,Klinik Pratama,SARTIKA 59,swasta,mapped
FSK0840,Tandes,Klinik Pratama,NAYAKA HUSADA TANDES,swasta,mapped
FSK0841,Tandes,Klinik Pratama,dr. EKO,swasta,mapped
FSK0842,Tandes,Klinik Pratama,DINAYLA UTAMA 105,swasta,mapped
FSK0843,Tandes,Klinik Pratama,KEBANGKITAN,swasta,mapped
FSK0844,Tandes,Klinik Pratama,DELOVELY,swasta,mapped
FSK0845,Tandes,Klinik Pratama,PUSURA BALONGSARI,swasta,mapped
FSK0846,Tegalsari,Apotek,KIMIA FARMA 26,lainnya,mapped
FSK0847,Tegalsari,Apotek,KIMIA FARMA 25,lainnya,mapped
FSK0848,Tegalsari,Apotek,KIMIA FARMA 45,lainnya,mapped
FSK0849,Tegalsari,Puskesmas Induk,Puskesmas Dr. Soetomo,Pemerintah Kota,mapped
FSK0850,Tegalsari,Puskesmas Induk,Puskesmas Kedungdoro,Pemerintah Kota,mapped
FSK0851,Tegalsari,Puskesmas Pembantu (Pustu),Pustu Keputran,Pemerintah Kota,mapped
FSK0852,Tegalsari,Rumah Sakit Umum,RS Surabaya Medical Service,Swasta,mapped
FSK0853,Tegalsari,Rumah Sakit Khusus,RS Ibu dan Anak Pusura Tegalsari,Swasta,mapped
FSK0854,Tegalsari,Rumah Sakit Umum,RS Darmo,Swasta,mapped
FSK0855,Tegalsari,Apotek,PANACEA,swasta,mapped
FSK0856,Tegalsari,Apotek,AGUNG FARMA,swasta,mapped
FSK0857,Tegalsari,Apotek,SUMBER FARMA,swasta,mapped
FSK0858,Tegalsari,Apotek,POLYFARMA 61,swasta,mapped
FSK0859,Tegalsari,Apotek,GUARDIAN PT HERO SUPERMARKET,swasta,mapped
FSK0860,Tegalsari,Apotek,TENGGER I,swasta,mapped
FSK0861,Tegalsari,Apotek,WIDYA FARMA,swasta,mapped
FSK0862,Tegalsari,Apotek,TRUNOJOYO,swasta,mapped
FSK0863,Tegalsari,Apotek,TIRTA FARMA,swasta,mapped
FSK0864,Tegalsari,Apotek,CENTURY TUNJUNGAN PLAZA,swasta,mapped
FSK0865,Tegalsari,Apotek,K-24 KEDUNGSARI,swasta,mapped
FSK0866,Tegalsari,Apotek,MUSI,swasta,mapped
FSK0867,Tegalsari,Apotek,WATSONS TUNJUNGAN PLAZA,swasta,mapped
FSK0868,Tegalsari,Apotek,VIVA APOTEK KAMPUNG MALANG,swasta,mapped
FSK0869,Tegalsari,Apotek,Watsons Tunjungan Plaza 6,swasta,mapped
FSK0870,Tegalsari,Apotek,KAPUAS FARMA,swasta,mapped
FSK0871,Tegalsari,Apotek,GUARDIAN TUNJUNGAN PLAZA 6 SURABAYA,swasta,mapped
FSK0872,Tegalsari,Toko Obat,HERO TUNJUNGAN PLAZA,swasta,mapped
FSK0873,Tegalsari,Klinik Pratama,ALAMANDA,swasta,mapped
FSK0874,Tegalsari,Klinik Pratama,ANUGERAH MULIA ( GKI ),swasta,mapped
FSK0875,Tegalsari,Klinik Pratama,PROFIRA,swasta,mapped
FSK0876,Tegalsari,Klinik Pratama,ZAP TUNJUNGAN PLAZA,swasta,mapped
FSK0877,Tegalsari,Klinik Pratama,ERHA APOTHECARY,swasta,mapped
FSK0878,Tegalsari,Klinik Pratama,FRESH FACE SKIN CARE CLINIC,swasta,mapped
FSK0879,Tegalsari,Klinik Pratama,MIRACLE TP,swasta,mapped
FSK0880,Tegalsari,Klinik Pratama,ORISKIN,swasta,mapped
FSK0881,Tegalsari,Klinik Pratama,LIGHT HOUSE,swasta,mapped
FSK0882,Tegalsari,Klinik Pratama,GLAFIDYSYA MEDIKA,swasta,mapped
FSK0883,Tegalsari,Klinik Pratama,ATHENA,swasta,mapped
FSK0884,Tegalsari,Klinik Utama,ESTETIKA dr. AFFANDI,swasta,mapped
FSK0885,Tegalsari,Klinik Utama,ESTHER,swasta,mapped
FSK0886,Tegalsari,Klinik Utama,HAIRTRANS CLINIC,swasta,mapped
FSK0887,Tegalsari,Klinik Utama,ERHA CLINIC SURABAYA,swasta,mapped
FSK0888,Tegalsari,Klinik Utama,DRYN,swasta,mapped
FSK0889,Tegalsari,Klinik Utama,BIOTEST,swasta,mapped
FSK0890,Tegalsari,Klinik Utama,BIOTEST,swasta,mapped
FSK0891,Tegalsari,Klinik Utama,MELANIA,swasta,mapped
FSK0892,Tegalsari,Klinik Utama,ZAP BLAMBANGAN (KHUSUS WANITA DAN ANAK),swasta,mapped
FSK0893,Tegalsari,Klinik Utama,M2C DENTAL,swasta,mapped
FSK0894,Tenggilis Mejoyo,Apotek,KIMIA FARMA 23 KENDANGSARI,lainnya,mapped
FSK0895,Tenggilis Mejoyo,Puskesmas Induk,Puskesmas Tenggilis,Pemerintah Kota,mapped
FSK0896,Tenggilis Mejoyo,Puskesmas Pembantu (Pustu),Pustu Kutisari,Pemerintah Kota,mapped
FSK0897,Tenggilis Mejoyo,Rumah Sakit Khusus,RS Ibu dan Anak Kendangsari Surabaya,Swasta,mapped
FSK0898,Tenggilis Mejoyo,Apotek,SABA,swasta,mapped
FSK0899,Tenggilis Mejoyo,Apotek,MAHKOTA FARMA,swasta,mapped
FSK0900,Tenggilis Mejoyo,Apotek,KHARISMA,swasta,mapped
FSK0901,Tenggilis Mejoyo,Apotek,BIOS FARMA,swasta,mapped
FSK0902,Tenggilis Mejoyo,Apotek,ADAM FARMA,swasta,mapped
FSK0903,Tenggilis Mejoyo,Apotek,AR,swasta,mapped
FSK0904,Tenggilis Mejoyo,Apotek,VIVA GENERIK TENGGILIS KAUMAN,swasta,mapped
FSK0905,Tenggilis Mejoyo,Apotek,VIVA GENERIK KENDANGSARI,swasta,mapped
FSK0906,Tenggilis Mejoyo,Apotek,DEALOVA,swasta,mapped
FSK0907,Tenggilis Mejoyo,Apotek,BYUNGBYOUNG,swasta,mapped
FSK0908,Tenggilis Mejoyo,Apotek,Shane Farma,swasta,mapped
FSK0909,Tenggilis Mejoyo,Toko Obat,INDOGROSIR,swasta,mapped
FSK0910,Tenggilis Mejoyo,Toko Obat,SUPER INDO JEMURSARI,swasta,mapped
FSK0911,Tenggilis Mejoyo,Klinik Pratama,MEDICO SIER,swasta,mapped
FSK0912,Tenggilis Mejoyo,Klinik Pratama,NURANI JAYA 37,swasta,mapped
FSK0913,Tenggilis Mejoyo,Klinik Pratama,SUMBER CAHAYA ANUGERAH,swasta,mapped
FSK0914,Tenggilis Mejoyo,Klinik Pratama,LARISSA AESTHETIC TENGGILIS,swasta,mapped
FSK0915,Tenggilis Mejoyo,Klinik Utama,SENTRA MEDIKA SURABAYA,swasta,mapped
FSK0916,Tenggilis Mejoyo,Klinik Utama,METRODENT,swasta,mapped
FSK0917,Tenggilis Mejoyo,Klinik Utama,WESTERINDO,swasta,mapped
FSK0918,Wiyung,Apotek,KIMIA FARMA LONTAR,lainnya,mapped
FSK0919,Wiyung,Apotek,KIMIA FARMA WIYUNG 2,lainnya,mapped
FSK0920,Wiyung,Puskesmas Induk,Puskesmas Balas Klumprik,Pemerintah Kota,mapped
FSK0921,Wiyung,Puskesmas Induk,Puskesmas Wiyung,Pemerintah Kota,mapped
FSK0922,Wiyung,Puskesmas Pembantu (Pustu),Pustu Babatan,Pemerintah Kota,mapped
FSK0923,Wiyung,Rumah Sakit Umum,RS Wijaya Surabaya,Swasta,mapped
FSK0924,Wiyung,Rumah Sakit Umum,RS National Hospital,Swasta,mapped
FSK0925,Wiyung,Rumah Sakit Khusus,RS Ibu dan Anak Graha Medika,Swasta,mapped
FSK0926,Wiyung,Rumah Sakit Umum,RS Wiyung Sejahtera,Swasta,mapped
FSK0927,Wiyung,Apotek,SINAR HUSADA,swasta,mapped
FSK0928,Wiyung,Apotek,RIA FARMA,swasta,mapped
FSK0929,Wiyung,Apotek,RIFKY,swasta,mapped
FSK0930,Wiyung,Apotek,PASYHA,swasta,mapped
FSK0931,Wiyung,Apotek,PUSPASARI,swasta,mapped
FSK0932,Wiyung,Apotek,MEGAH,swasta,mapped
FSK0933,Wiyung,Apotek,K - 24 WIYUNG,swasta,mapped
FSK0934,Wiyung,Apotek,TATA,swasta,mapped
FSK0935,Wiyung,Apotek,X WATERPLACE,swasta,mapped
FSK0936,Wiyung,Apotek,K - 24 MENGANTI,swasta,mapped
FSK0937,Wiyung,Apotek,WIFA FARMA,swasta,mapped
FSK0938,Wiyung,Apotek,DENYRA,swasta,mapped
FSK0939,Wiyung,Apotek,Daffa Farma,swasta,mapped
FSK0940,Wiyung,Apotek,Tia Farma,swasta,mapped
FSK0941,Wiyung,Toko Obat,SUPER INDO ROYAL SQUARE,swasta,mapped
FSK0942,Wiyung,Klinik Utama,SKIN A,swasta,mapped
FSK0943,Wiyung,Klinik Pratama,MITRA SEHAT,swasta,mapped
FSK0944,Wiyung,Klinik Pratama,ROYAL DIAMOND,swasta,mapped
FSK0945,Wiyung,Klinik Pratama,ALAMANDA,swasta,mapped
FSK0946,Wiyung,Klinik Pratama,MAXINE AESTHETIC CLINIC,swasta,mapped
FSK0947,Wiyung,Klinik Pratama,DINA,swasta,mapped
FSK0948,Wiyung,Klinik Utama,SKIN A,swasta,mapped
FSK0949,Wonocolo,Apotek,KIMIA FARMA 166,lainnya,mapped
FSK0950,Wonocolo,Apotek,Kimia Farma 836 Estheva,lainnya,mapped
FSK0951,Wonocolo,Klinik Pratama,POLTEKBANG SURABAYA,lainnya,mapped
FSK0952,Wonocolo,Puskesmas Induk,Puskesmas Jemursari,Pemerintah Kota,mapped
FSK0953,Wonocolo,Puskesmas Induk,Puskesmas Sidosermo,Pemerintah Kota,mapped
FSK0954,Wonocolo,Puskesmas Induk,Puskesmas Siwalankerto,Pemerintah Kota,mapped
FSK0955,Wonocolo,Puskesmas Pembantu (Pustu),Pustu Bendul Merisi,Pemerintah Kota,mapped
FSK0956,Wonocolo,Puskesmas Pembantu (Pustu),Pustu Margorejo,Pemerintah Kota,mapped
FSK0957,Wonocolo,Rumah Sakit Umum,RS Umum Islam Surabaya Jemursari,Swasta,mapped
FSK0958,Wonocolo,Rumah Sakit Khusus,RS Ibu dan Anak Perdana Medica,Swasta,mapped
FSK0959,Wonocolo,Apotek,KUTISARI,swasta,mapped
FSK0960,Wonocolo,Apotek,RAHARDJO,swasta,mapped
FSK0961,Wonocolo,Apotek,FARMARIN,swasta,mapped
FSK0962,Wonocolo,Apotek,NUR SEHAT,swasta,mapped
FSK0963,Wonocolo,Apotek,SIWALAN,swasta,mapped
FSK0964,Wonocolo,Apotek,MALEO,swasta,mapped
FSK0965,Wonocolo,Apotek,APOLLO,swasta,mapped
FSK0966,Wonocolo,Apotek,TERANG JAYA,swasta,mapped
FSK0967,Wonocolo,Apotek,K - 24 JEMURSARI,swasta,mapped
FSK0968,Wonocolo,Apotek,JES 8,swasta,mapped
FSK0969,Wonocolo,Apotek,VIVA APOTEK SIWALANKERTO,swasta,mapped
FSK0970,Wonocolo,Apotek,SAMINA,swasta,mapped
FSK0971,Wonocolo,Apotek,SUGIH WARAS MAKMUR,swasta,mapped
FSK0972,Wonocolo,Apotek,MORO SEHAT,swasta,mapped
FSK0973,Wonocolo,Apotek,MARGOREJO INDAH,swasta,mapped
FSK0974,Wonocolo,Apotek,VIVA APOTEK SIDOSERMO AIRDAS,swasta,mapped
FSK0975,Wonocolo,Apotek,VIVA APOTEK SIWALANKERTO THE SQUARE,swasta,mapped
FSK0976,Wonocolo,Klinik Pratama,CITA SEHAT,swasta,mapped
FSK0977,Wonocolo,Klinik Pratama,DINAYLA UTAMA 81,swasta,mapped
FSK0978,Wonocolo,Klinik Pratama,JEMURSARI EMPAT,swasta,mapped
FSK0979,Wonocolo,Klinik Pratama,UK PETRA,swasta,mapped
FSK0980,Wonocolo,Klinik Pratama,BRI MEDIKA SURABAYA,swasta,mapped
FSK0981,Wonocolo,Klinik Pratama,LORIS,swasta,mapped
FSK0982,Wonocolo,Klinik Utama,EL SHAFI,swasta,mapped
FSK0983,Wonocolo,Klinik Utama,DIALISA,swasta,mapped
FSK0984,Wonocolo,Klinik Utama,SURABAYA EYE CLINIC,swasta,mapped
FSK0985,Wonocolo,Klinik Utama,TIRTA MEDICAL CENTRE,swasta,mapped
FSK0986,Wonocolo,Klinik Utama,PRODIA (JEMURSARI),swasta,mapped
FSK0987,Wonocolo,Klinik Utama,ERHA CLINIC CABANG JEMURSARI,swasta,mapped
FSK0988,Wonokromo,Klinik Pratama,JALA HUSADA,lainnya,mapped
FSK0989,Wonokromo,Puskesmas Induk,Puskesmas Jagir,Pemerintah Kota,mapped
FSK0990,Wonokromo,Puskesmas Induk,Puskesmas Ngagel Rejo,Pemerintah Kota,mapped
FSK0991,Wonokromo,Puskesmas Induk,Puskesmas Wonokromo,Pemerintah Kota,mapped
FSK0992,Wonokromo,Puskesmas Pembantu (Pustu),Pustu Sawunggaling,Pemerintah Kota,mapped
FSK0993,Wonokromo,Rumah Sakit Umum,RS Umum Katholik Surabaya,Swasta,mapped
FSK0994,Wonokromo,Rumah Sakit Umum,RS William Booth Surabaya,Swasta,mapped
FSK0995,Wonokromo,Rumah Sakit Umum,RS Islam Surabaya,Swasta,mapped
FSK0996,Wonokromo,Rumah Sakit Khusus,RS Ibu dan Anak Lombok Dua Dua,Swasta,mapped
FSK0997,Wonokromo,Rumah Sakit Khusus,RS Gigi dan Mulut Nala Husada,Swasta,mapped
FSK0998,Wonokromo,Apotek,OKEY FARMA,swasta,mapped
FSK0999,Wonokromo,Apotek,SATYA FARMA,swasta,mapped
FSK1000,Wonokromo,Apotek,VALENTINE,swasta,mapped
FSK1001,Wonokromo,Apotek,DUTA FARMA II,swasta,mapped
FSK1002,Wonokromo,Apotek,DIPONEGORO,swasta,mapped
FSK1003,Wonokromo,Apotek,TIARA 2,swasta,mapped
FSK1004,Wonokromo,Apotek,SAHABAT,swasta,mapped
FSK1005,Wonokromo,Apotek,ALDA,swasta,mapped
FSK1006,Wonokromo,Apotek,VIZ FARMA,swasta,mapped
FSK1007,Wonokromo,Apotek,RESTU SEHAT,swasta,mapped
FSK1008,Wonokromo,Apotek,TOTAL LIFE CLINIC,swasta,mapped
FSK1009,Wonokromo,Apotek,LOMBOK 25,swasta,mapped
FSK1010,Wonokromo,Apotek,BOSTON HEALTH & BEAUTY ROYAL PLAZA,swasta,mapped
FSK1011,Wonokromo,Apotek,VIVA APOTEK JETIS KULON,swasta,mapped
FSK1012,Wonokromo,Apotek,GUARDIAN TRANSMART NGAGEL,swasta,mapped
FSK1013,Wonokromo,Apotek,K-24 BENDUL MERISI,swasta,mapped
FSK1014,Wonokromo,Toko Obat,Hypermart Royal,swasta,mapped
FSK1015,Wonokromo,Toko Obat,PRIMO,swasta,mapped
FSK1016,Wonokromo,Toko Obat,toko Obat PT. Trans Retail Indonesia Cabang Transmart ngagel,swasta,mapped
FSK1017,Wonokromo,Klinik Pratama,Yakes Telkom,swasta,mapped
FSK1018,Wonokromo,Klinik Pratama,GIGI BHAKTI KASIH,swasta,mapped
FSK1019,Wonokromo,Klinik Pratama,Anugerah Karya Medika 103,swasta,mapped
FSK1020,Wonokromo,Klinik Pratama,PERTAMINA JAGIR,swasta,mapped
FSK1021,Wonokromo,Klinik Pratama,MEDIKA YANI II,swasta,mapped
FSK1022,Wonokromo,Klinik Pratama,KIMIA FARMA SEBELAS MEDIKA,swasta,mapped
FSK1023,Wonokromo,Klinik Pratama,HAYYU SYAR'I,swasta,mapped
FSK1024,Wonokromo,Klinik Pratama,NOVATIC,swasta,mapped
FSK1025,Wonokromo,Klinik Pratama,INDRAGIRI,swasta,mapped
FSK1026,Wonokromo,Klinik Pratama,DNY SKIN CARE (KUTAI),swasta,mapped
FSK1027,Wonokromo,Klinik Pratama,DNY SKIN CARE (KUTISARI),swasta,mapped
FSK1028,Wonokromo,Klinik Utama,JOYOBOYO,swasta,mapped
FSK1029,Wonokromo,Klinik Utama,BAWEAN ORTHOPAEDIC AND REHABILITATION MEDICINE CENTER SURABAYA,swasta,mapped
FSK1030,Wonokromo,Klinik Utama,ELIZABETH MEDICAL CENTRE,swasta,mapped
FSK1031,Wonokromo,Klinik Utama,PKBI JAWA TIMUR,swasta,mapped
FSK1032,Wonokromo,Klinik Utama,TOTAL LIFE CLINIC,swasta,mapped
FSK1033,Wonokromo,Klinik Utama,MEDIKA UTAMA,swasta,mapped
FSK1034,Wonokromo,Klinik Utama,THE NEW BRAIN CLINIC,swasta,mapped
FSK1035,Wonokromo,Klinik Utama,PRODIA HEALTH CARE,swasta,mapped
FSK1036,Wonokromo,Klinik Utama,SANODOC,swasta,mapped
FSK1037,Wonokromo,Klinik Utama,ILHAN EYE CENTER,swasta,mapped
FSK1038,Wonokromo,Klinik Utama,INDAH DENTAL CARE,swasta,mapped
FSK1039,Wonokromo,Klinik Utama,JEC-JAVA@SURABAYA,swasta,mapped
FSK1040,Wonokromo,Klinik Utama,CAHAYA DIAGNOSTIC CENTRE,swasta,mapped
FSK1041,Wonokromo,Klinik Utama,J GLOW,swasta,mapped
FSK1042,Wonokromo,Klinik Utama,BENINGS,swasta,mapped
FSK1043,Wonokromo,Rumah Sakit Umum,RS Soemitro Lanud Surabaya,TNI/POLRI,mapped
FSK1044,Wonokromo,Rumah Sakit Umum,RS dr. Ramelan,TNI/POLRI,mapped
FSK1045,Wonokromo,Rumah Sakit Umum,RS Umum Tk. III Brawijaya,TNI/POLRI,mapped
FSK1046,Wonokromo,Klinik Pratama,KESATRIAN,TNI/POLRI,mapped
FSK1047,,Apotek,Berlin 5,swasta,unknown
FSK1048,,Klinik Utama,KU.Dharma Husada Eye Clinic,swasta,unknown
FSK1049,,Klinik Utama,KU.Mata Royal,swasta,unknown
FSK1050,,Klinik Utama,KU.Idental Villa Bukit Mas,swasta,unknown
FSK1051,,Klinik Utama,KU.Prospek (Simokerto),swasta,unknown
FSK1052,,Klinik Utama,KU.Prodia,swasta,unknown
FSK1053,,Klinik Utama,KU.Pramita Ngagel,swasta,unknown
FSK1054,,Klinik Pratama,KP.Ella Skin Care,swasta,unknown
FSK1055,,Klinik Pratama,KP.Lavender,swasta,unknown
FSK1056,,Klinik Pratama,KP.BG Skin,swasta,unknown
FSK1057,,Klinik Pratama,KP.Maharva,swasta,unknown
FSK1058,,Klinik Pratama,KP.Biotech,swasta,unknown
FSK1059,,Klinik Pratama,KP.Maharva,swasta,unknown
FSK1060,,Klinik Pratama,KP.Beaudent,swasta,unknown
FSK1061,,Klinik Pratama,KP.Hayyu Syari Ngagel,swasta,unknown
FSK1062,,Klinik Pratama,KP.Kebangkitan,swasta,unknown
FSK1063,,Klinik Pratama,NAYAKA HUSADA 05,swasta,unknown
FSK1064,,Klinik Pratama,DERMASENSE,swasta,unknown
FSK1065,,Klinik Pratama,ANNABELLE'S SKIN CARE,swasta,unknown
FSK1066,,Klinik Pratama,GLOSKIN AESTHETIC CLINIC,swasta,unknown
FSK1067,,Klinik Pratama,NAAVAGREEN NATURAL SKINCARE,swasta,unknown
FSK1068,,Klinik Pratama,GLOBAL SEJAHTERA ABADA,swasta,unknown
FSK1069,,Klinik Pratama,LONDON BEAUTY CENTRE,swasta,unknown
FSK1070,,Klinik Pratama,PACIFIC CLINIC,swasta,unknown
FSK1071,,Klinik Pratama,KENCANA MEDIKA,swasta,unknown
FSK1072,,Klinik Pratama,B CLINIC,swasta,unknown
FSK1073,,Klinik Pratama,ESC ESL,swasta,unknown
FSK1074,,Klinik Utama,MIRACLE,swasta,unknown
FSK1075,,Klinik Utama,IMPROVE,swasta,unknown
FSK1076,,Klinik Utama,PRAMITA,swasta,unknown
FSK1077,,Klinik Utama,GIGI SEHAT EAST,swasta,unknown
FSK1078,,Klinik Utama,PHSC,swasta,unknown
FSK1079,,Klinik Utama,PROFIRA,swasta,unknown
FSK1080,,Klinik Utama,CIPUTRA SMG LASIK,swasta,unknown
FSK1081,,Klinik Utama,DR. SJAMSU,swasta,unknown
FSK1082,,Klinik Utama,PRAMITA,swasta,unknown
FSK1083,,Klinik Utama,DENTALAND,swasta,unknown
FSK1084,,Klinik Pratama,ADHYAKSA KEJAKSAAN TINGGI JAWA TIMUR,TNI/POLRI,unknown
FSK1085,,Klinik Pratama,POLAIRUD,TNI/POLRI,unknown
FSK1086,,Klinik Pratama,SATLINLAMIL 2,TNI/POLRI,unknown
