kecamatan,demand_score,workforce_gap,facility_gap,disease_need_score,accessibility_gap,workforce_demand_mismatch,healthcare_gap_score,priority_category,priority_rank,data_completeness_score,data_quality_status,primary_root_cause,secondary_root_cause,root_cause_type,root_cause_confidence,root_cause_margin,workforce_issue,facility_issue,demand_issue,disease_issue,explanation,centroid_lon,centroid_lat
Asemrowo,0.3616939818123988,0.9805380576135286,0.8337305201376239,0.6827682422162238,,,70.59693642985478,Sangat Tinggi,5,0.75,COMPLETE,WORKFORCE_SHORTAGE,FACILITY_SHORTAGE,MULTI_FACTOR,HIGH,0.1468075374759047,Low Nurse Ratio,Low Faskes Ratio,High Disease Burden,Penyakit pada sistem pernafasan (10733 cases),"Kecamatan Asemrowo memiliki Healthcare Gap Score sebesar 70.6 dan termasuk kategori Sangat Tinggi. Faktor kontributor utama adalah: 1. Workforce Shortage Gap (0.98), 2. Facility Capacity Gap (0.83), 3. Disease Burden Need (0.68). Indikator paling menonjol dalam model adalah Low Nurse Ratio, dengan sub-skor 0.98. Temuan ini menunjukkan adanya indikasi keterbatasan jumlah tenaga kesehatan medis, terutama perawat, dibandingkan dengan kepadatan penduduk setempat.",112.59999999999998,-7.3358333333333325
Benowo,0.1984963763878119,0.7259070149390171,0.804129233538838,0.3679134903898293,,,51.17295621837822,Tinggi,19,0.75,COMPLETE,FACILITY_SHORTAGE,WORKFORCE_SHORTAGE,SINGLE_FACTOR,MEDIUM,0.0782222185998209,Low Nakes Ratio,Low Puskesmas Ratio,High Disease Burden,Faktor-faktor yang mempengaruhi status kesehatan dan hubungannya dengan jasa kesehatan (15690 cases),"Kecamatan Benowo memiliki Healthcare Gap Score sebesar 51.2 dan termasuk kategori Tinggi. Faktor kontributor utama adalah: 1. Facility Capacity Gap (0.80), 2. Workforce Shortage Gap (0.73), 3. Disease Burden Need (0.37). Indikator paling menonjol dalam model adalah Low Puskesmas Ratio, dengan sub-skor 0.80. Temuan ini menunjukkan adanya indikasi kurangnya ketersediaan fasilitas pelayanan kesehatan tingkat pertama (Puskesmas/Pustu) atau kapasitas tempat tidur rawat inap.",112.64,-7.3358333333333325
Bubutan,0.3195792400261503,0.9479907193158468,0.7806404214826268,0.3871488687893865,,,61.38288458570018,Sangat Tinggi,12,0.75,COMPLETE,WORKFORCE_SHORTAGE,FACILITY_SHORTAGE,SINGLE_FACTOR,HIGH,0.1673502978332199,Low Nurse Ratio,Low Bed Capacity,High Disease Burden,Penyakit pada sistem pernafasan (14858 cases),"Kecamatan Bubutan memiliki Healthcare Gap Score sebesar 61.4 dan termasuk kategori Sangat Tinggi. Faktor kontributor utama adalah: 1. Workforce Shortage Gap (0.95), 2. Facility Capacity Gap (0.78), 3. Disease Burden Need (0.39). Indikator paling menonjol dalam model adalah Low Nurse Ratio, dengan sub-skor 0.95. Temuan ini menunjukkan adanya indikasi keterbatasan jumlah tenaga kesehatan medis, terutama perawat, dibandingkan dengan kepadatan penduduk setempat.",112.67999999999998,-7.3358333333333325
Bulak,0.1302499210256358,0.925672549544728,0.7728261105489442,0.2697567760649453,,,52.529331849388704,Tinggi,17,0.75,COMPLETE,WORKFORCE_SHORTAGE,FACILITY_SHORTAGE,SINGLE_FACTOR,HIGH,0.1528464389957837,Low Nurse Ratio,Low Bed Capacity,High Disease Burden,Faktor-faktor yang mempengaruhi status kesehatan dan hubungannya dengan jasa kesehatan (5902 cases),"Kecamatan Bulak memiliki Healthcare Gap Score sebesar 52.5 dan termasuk kategori Tinggi. Faktor kontributor utama adalah: 1. Workforce Shortage Gap (0.93), 2. Facility Capacity Gap (0.77), 3. Disease Burden Need (0.27). Indikator paling menonjol dalam model adalah Low Nurse Ratio, dengan sub-skor 0.93. Temuan ini menunjukkan adanya indikasi keterbatasan jumlah tenaga kesehatan medis, terutama perawat, dibandingkan dengan kepadatan penduduk setempat.",112.71999999999997,-7.3358333333333325
Dukuh Pakis,0.2448495662967851,0.6974097014855809,0.5748474467311876,0.0985282920774921,,,41.73529280964458,Tinggi,27,0.75,COMPLETE,WORKFORCE_SHORTAGE,FACILITY_SHORTAGE,NO_DOMINANT_ROOT_CAUSE,MEDIUM,0.1225622547543933,Low Nurse Ratio,Low Bed Capacity,High Service Pressure,Penyakit pada sistem pencernaan (6492 cases),"Kecamatan Dukuh Pakis memiliki Healthcare Gap Score sebesar 41.7 dan termasuk kategori Tinggi. Faktor kontributor utama adalah: 1. Workforce Shortage Gap (0.70), 2. Facility Capacity Gap (0.57), 3. High Demand Score (0.24). Indikator paling menonjol dalam model adalah Low Nurse Ratio, dengan sub-skor 0.70. Temuan ini menunjukkan adanya indikasi keterbatasan jumlah tenaga kesehatan medis, terutama perawat, dibandingkan dengan kepadatan penduduk setempat.",112.75999999999999,-7.3358333333333325
Gayungan,0.4866478365533732,0.3397172272189605,0.5116855874484286,0.6432905221837185,,,47.89047410581296,Tinggi,24,0.75,COMPLETE,DISEASE_BURDEN,FACILITY_SHORTAGE,NO_DOMINANT_ROOT_CAUSE,MEDIUM,0.1316049347352899,Low Nurse Ratio,Low Puskesmas Ratio,High Service Pressure,Faktor-faktor yang mempengaruhi status kesehatan dan hubungannya dengan jasa kesehatan (10213 cases),"Kecamatan Gayungan memiliki Healthcare Gap Score sebesar 47.9 dan termasuk kategori Tinggi. Faktor kontributor utama adalah: 1. Disease Burden Need (0.64), 2. Facility Capacity Gap (0.51), 3. High Demand Score (0.49). Indikator paling menonjol dalam model adalah High caseload of Faktor-faktor yang mempengaruhi status kesehatan dan hubungannya dengan jasa kesehatan, dengan sub-skor 0.64. Temuan ini menunjukkan adanya indikasi besarnya prevalensi kasus penyakit masyarakat (terutama ISPA) yang memerlukan intervensi preventif dan promotif.",112.80000000000001,-7.3358333333333325
Genteng,0.7055417411935954,0.3970864420105185,0.441209835645959,1.0,,,61.9030422090426,Sangat Tinggi,11,0.75,COMPLETE,DISEASE_BURDEN,HIGH_DEMAND,SINGLE_FACTOR,HIGH,0.2944582588064046,Low Nakes Ratio,Low Bed Capacity,High Disease Burden,Penyakit pada sistem pernafasan (16565 cases),"Kecamatan Genteng memiliki Healthcare Gap Score sebesar 61.9 dan termasuk kategori Sangat Tinggi. Faktor kontributor utama adalah: 1. Disease Burden Need (1.00), 2. High Demand Score (0.71), 3. Facility Capacity Gap (0.44). Indikator paling menonjol dalam model adalah High caseload of Penyakit pada sistem pernafasan, dengan sub-skor 1.00. Temuan ini menunjukkan adanya indikasi besarnya prevalensi kasus penyakit masyarakat (terutama ISPA) yang memerlukan intervensi preventif dan promotif.",112.59999999999998,-7.307500000000001
Gubeng,0.4294838984779567,0.0461987052925416,0.5997018544604072,0.5784471062483251,,,37.8334573272896,Sedang,30,0.75,COMPLETE,FACILITY_SHORTAGE,DISEASE_BURDEN,NO_DOMINANT_ROOT_CAUSE,MEDIUM,0.0212547482120821,Low Midwife Ratio,Low Puskesmas Ratio,High Disease Burden,Faktor-faktor yang mempengaruhi status kesehatan dan hubungannya dengan jasa kesehatan (29273 cases),"Kecamatan Gubeng memiliki Healthcare Gap Score sebesar 37.8 dan termasuk kategori Sedang. Faktor kontributor utama adalah: 1. Facility Capacity Gap (0.60), 2. Disease Burden Need (0.58), 3. High Demand Score (0.43). Indikator paling menonjol dalam model adalah Low Puskesmas Ratio, dengan sub-skor 0.60. Temuan ini menunjukkan adanya indikasi kurangnya ketersediaan fasilitas pelayanan kesehatan tingkat pertama (Puskesmas/Pustu) atau kapasitas tempat tidur rawat inap.",112.64,-7.307499999999999
Gunung Anyar,0.1202754788700446,0.9725118716872212,0.7489756330372022,0.2999357301490571,,,53.76184778044315,Tinggi,14,0.75,COMPLETE,WORKFORCE_SHORTAGE,FACILITY_SHORTAGE,SINGLE_FACTOR,HIGH,0.223536238650019,Low Nurse Ratio,Low Bed Capacity,High Disease Burden,Penyakit pada sistem pernafasan (7543 cases),"Kecamatan Gunung Anyar memiliki Healthcare Gap Score sebesar 53.8 dan termasuk kategori Tinggi. Faktor kontributor utama adalah: 1. Workforce Shortage Gap (0.97), 2. Facility Capacity Gap (0.75), 3. Disease Burden Need (0.30). Indikator paling menonjol dalam model adalah Low Nurse Ratio, dengan sub-skor 0.97. Temuan ini menunjukkan adanya indikasi keterbatasan jumlah tenaga kesehatan medis, terutama perawat, dibandingkan dengan kepadatan penduduk setempat.",112.67999999999998,-7.307499999999999
Jambangan,0.2195930233956491,0.8983861144825754,0.7560210222656565,0.115578845391521,,,50.971371489490295,Tinggi,20,0.75,COMPLETE,WORKFORCE_SHORTAGE,FACILITY_SHORTAGE,SINGLE_FACTOR,HIGH,0.1423650922169189,Low Nurse Ratio,Low Bed Capacity,High Service Pressure,Penyakit pada sistem pencernaan (5315 cases),"Kecamatan Jambangan memiliki Healthcare Gap Score sebesar 51.0 dan termasuk kategori Tinggi. Faktor kontributor utama adalah: 1. Workforce Shortage Gap (0.90), 2. Facility Capacity Gap (0.76), 3. High Demand Score (0.22). Indikator paling menonjol dalam model adalah Low Nurse Ratio, dengan sub-skor 0.90. Temuan ini menunjukkan adanya indikasi keterbatasan jumlah tenaga kesehatan medis, terutama perawat, dibandingkan dengan kepadatan penduduk setempat.",112.71999999999997,-7.307499999999999
Karang Pilang,0.2715388524355941,0.977419901946647,0.8355351370387234,0.4804258468546625,,,63.78798230933494,Sangat Tinggi,10,0.75,COMPLETE,WORKFORCE_SHORTAGE,FACILITY_SHORTAGE,MULTI_FACTOR,HIGH,0.1418847649079235,Low Nurse Ratio,Low Puskesmas Ratio,High Disease Burden,Penyakit pada sistem pernafasan (11682 cases),"Kecamatan Karang Pilang memiliki Healthcare Gap Score sebesar 63.8 dan termasuk kategori Sangat Tinggi. Faktor kontributor utama adalah: 1. Workforce Shortage Gap (0.98), 2. Facility Capacity Gap (0.84), 3. Disease Burden Need (0.48). Indikator paling menonjol dalam model adalah Low Nurse Ratio, dengan sub-skor 0.98. Temuan ini menunjukkan adanya indikasi keterbatasan jumlah tenaga kesehatan medis, terutama perawat, dibandingkan dengan kepadatan penduduk setempat.",112.75999999999999,-7.307500000000001
Kenjeran,0.7054179289127723,1.0,0.8005851986609287,0.5760790744673342,,,78.69582332994842,Sangat Tinggi,1,0.75,COMPLETE,WORKFORCE_SHORTAGE,FACILITY_SHORTAGE,MULTI_FACTOR,HIGH,0.1994148013390713,Low Nakes Ratio,Low Bed Capacity,High Population Demand,Faktor-faktor yang mempengaruhi status kesehatan dan hubungannya dengan jasa kesehatan (29064 cases),"Kecamatan Kenjeran memiliki Healthcare Gap Score sebesar 78.7 dan termasuk kategori Sangat Tinggi. Faktor kontributor utama adalah: 1. Workforce Shortage Gap (1.00), 2. Facility Capacity Gap (0.80), 3. High Demand Score (0.71). Indikator paling menonjol dalam model adalah Low Nakes Ratio, dengan sub-skor 1.00. Temuan ini menunjukkan adanya indikasi keterbatasan jumlah tenaga kesehatan medis, terutama perawat, dibandingkan dengan kepadatan penduduk setempat.",112.80000000000001,-7.307499999999999
Krembangan,0.6260376157768076,0.9123570471641193,0.7301252427337974,0.6613702893538563,,,73.98175052998087,Sangat Tinggi,2,0.75,COMPLETE,WORKFORCE_SHORTAGE,FACILITY_SHORTAGE,SINGLE_FACTOR,HIGH,0.1822318044303218,Low Nakes Ratio,Low Bed Capacity,High Service Pressure,Penyakit pada sistem pernafasan (26794 cases),"Kecamatan Krembangan memiliki Healthcare Gap Score sebesar 74.0 dan termasuk kategori Sangat Tinggi. Faktor kontributor utama adalah: 1. Workforce Shortage Gap (0.91), 2. Facility Capacity Gap (0.73), 3. Disease Burden Need (0.66). Indikator paling menonjol dalam model adalah Low Nakes Ratio, dengan sub-skor 0.91. Temuan ini menunjukkan adanya indikasi keterbatasan jumlah tenaga kesehatan medis, terutama perawat, dibandingkan dengan kepadatan penduduk setempat.",112.59999999999998,-7.279166666666667
Lakarsantri,0.6259753860107978,0.9577504036713156,0.442280937842875,0.719760897321064,,,70.75261039374217,Sangat Tinggi,4,0.75,COMPLETE,WORKFORCE_SHORTAGE,DISEASE_BURDEN,SINGLE_FACTOR,HIGH,0.2379895063502516,Low Nurse Ratio,Low Bed Capacity,High Service Pressure,Penyakit pada sistem pernafasan (14667 cases),"Kecamatan Lakarsantri memiliki Healthcare Gap Score sebesar 70.8 dan termasuk kategori Sangat Tinggi. Faktor kontributor utama adalah: 1. Workforce Shortage Gap (0.96), 2. Disease Burden Need (0.72), 3. High Demand Score (0.63). Indikator paling menonjol dalam model adalah Low Nurse Ratio, dengan sub-skor 0.96. Temuan ini menunjukkan adanya indikasi keterbatasan jumlah tenaga kesehatan medis, terutama perawat, dibandingkan dengan kepadatan penduduk setempat.",112.64,-7.279166666666667
Mulyorejo,0.2525555816072234,0.3271060440098267,0.4593754971504902,0.3512736331932913,,,33.60283137538714,Sedang,31,0.75,COMPLETE,FACILITY_SHORTAGE,DISEASE_BURDEN,NO_DOMINANT_ROOT_CAUSE,LOW,0.1081018639571989,Low Nakes Ratio,Low Bed Capacity,High Disease Burden,Penyakit pada sistem pernafasan (11632 cases),"Kecamatan Mulyorejo memiliki Healthcare Gap Score sebesar 33.6 dan termasuk kategori Sedang. Faktor kontributor utama adalah: 1. Facility Capacity Gap (0.46), 2. Disease Burden Need (0.35), 3. Workforce Shortage Gap (0.33). Indikator paling menonjol dalam model adalah Low Bed Capacity, dengan sub-skor 0.46. Temuan ini menunjukkan adanya indikasi kurangnya ketersediaan fasilitas pelayanan kesehatan tingkat pertama (Puskesmas/Pustu) atau kapasitas tempat tidur rawat inap.",112.67999999999998,-7.279166666666667
Pabean Cantian,0.232052398926224,0.4743693961989962,0.6994011469197041,0.1599034727939795,,,38.37874624803028,Sedang,29,0.75,COMPLETE,FACILITY_SHORTAGE,WORKFORCE_SHORTAGE,NO_DOMINANT_ROOT_CAUSE,MEDIUM,0.2250317507207079,Low Nakes Ratio,Low Puskesmas Ratio,High Service Pressure,Faktor-faktor yang mempengaruhi status kesehatan dan hubungannya dengan jasa kesehatan (6820 cases),"Kecamatan Pabean Cantian memiliki Healthcare Gap Score sebesar 38.4 dan termasuk kategori Sedang. Faktor kontributor utama adalah: 1. Facility Capacity Gap (0.70), 2. Workforce Shortage Gap (0.47), 3. High Demand Score (0.23). Indikator paling menonjol dalam model adalah Low Puskesmas Ratio, dengan sub-skor 0.70. Temuan ini menunjukkan adanya indikasi kurangnya ketersediaan fasilitas pelayanan kesehatan tingkat pertama (Puskesmas/Pustu) atau kapasitas tempat tidur rawat inap.",112.71999999999997,-7.279166666666667
Pakal,0.1279042776260743,0.8692714074358051,0.8295431580489553,0.1455947216650936,,,49.41802814613736,Tinggi,21,0.75,COMPLETE,WORKFORCE_SHORTAGE,FACILITY_SHORTAGE,MULTI_FACTOR,MEDIUM,0.0397282493868498,Low Nurse Ratio,Low Puskesmas Ratio,High Disease Burden,Penyakit pada sistem pencernaan (7971 cases),"Kecamatan Pakal memiliki Healthcare Gap Score sebesar 49.4 dan termasuk kategori Tinggi. Faktor kontributor utama adalah: 1. Workforce Shortage Gap (0.87), 2. Facility Capacity Gap (0.83), 3. Disease Burden Need (0.15). Indikator paling menonjol dalam model adalah Low Nurse Ratio, dengan sub-skor 0.87. Temuan ini menunjukkan adanya indikasi keterbatasan jumlah tenaga kesehatan medis, terutama perawat, dibandingkan dengan kepadatan penduduk setempat.",112.75999999999999,-7.279166666666667
Rungkut,0.4862806451649574,0.8394551025857299,0.6931342978696959,0.5557296280929925,,,64.74935095177437,Sangat Tinggi,8,0.75,COMPLETE,WORKFORCE_SHORTAGE,FACILITY_SHORTAGE,SINGLE_FACTOR,HIGH,0.1463208047160339,Low Nurse Ratio,Low Bed Capacity,High Disease Burden,Faktor-faktor yang mempengaruhi status kesehatan dan hubungannya dengan jasa kesehatan (20131 cases),"Kecamatan Rungkut memiliki Healthcare Gap Score sebesar 64.7 dan termasuk kategori Sangat Tinggi. Faktor kontributor utama adalah: 1. Workforce Shortage Gap (0.84), 2. Facility Capacity Gap (0.69), 3. Disease Burden Need (0.56). Indikator paling menonjol dalam model adalah Low Nurse Ratio, dengan sub-skor 0.84. Temuan ini menunjukkan adanya indikasi keterbatasan jumlah tenaga kesehatan medis, terutama perawat, dibandingkan dengan kepadatan penduduk setempat.",112.80000000000001,-7.279166666666667
Sambikerep,0.2272775272627494,0.6771026935285294,0.6048687210455691,0.3379416056512982,,,45.98761315767571,Tinggi,25,0.75,COMPLETE,WORKFORCE_SHORTAGE,FACILITY_SHORTAGE,NO_DOMINANT_ROOT_CAUSE,MEDIUM,0.0722339724829602,Low Nurse Ratio,Low Bed Capacity,High Disease Burden,Penyakit pada sistem pernafasan (9185 cases),"Kecamatan Sambikerep memiliki Healthcare Gap Score sebesar 46.0 dan termasuk kategori Tinggi. Faktor kontributor utama adalah: 1. Workforce Shortage Gap (0.68), 2. Facility Capacity Gap (0.60), 3. Disease Burden Need (0.34). Indikator paling menonjol dalam model adalah Low Nurse Ratio, dengan sub-skor 0.68. Temuan ini menunjukkan adanya indikasi keterbatasan jumlah tenaga kesehatan medis, terutama perawat, dibandingkan dengan kepadatan penduduk setempat.",112.59999999999998,-7.250833333333332
Sawahan,0.5550616418122404,0.9458143601900086,0.7697909742224445,0.3609631724573487,,,67.64136299366334,Sangat Tinggi,7,0.75,COMPLETE,WORKFORCE_SHORTAGE,FACILITY_SHORTAGE,SINGLE_FACTOR,HIGH,0.1760233859675641,Low Midwife Ratio,Low Bed Capacity,High Population Demand,Penyakit pada sistem pernafasan (25591 cases),"Kecamatan Sawahan memiliki Healthcare Gap Score sebesar 67.6 dan termasuk kategori Sangat Tinggi. Faktor kontributor utama adalah: 1. Workforce Shortage Gap (0.95), 2. Facility Capacity Gap (0.77), 3. High Demand Score (0.56). Indikator paling menonjol dalam model adalah Low Midwife Ratio, dengan sub-skor 0.95. Temuan ini menunjukkan adanya indikasi keterbatasan jumlah tenaga kesehatan medis, terutama perawat, dibandingkan dengan kepadatan penduduk setempat.",112.64,-7.250833333333332
Semampir,0.5419391976074723,0.9550942152766316,0.7837345651365691,0.46358681670637,,,69.8574300233819,Sangat Tinggi,6,0.75,COMPLETE,WORKFORCE_SHORTAGE,FACILITY_SHORTAGE,SINGLE_FACTOR,HIGH,0.1713596501400625,Low Nakes Ratio,Low Bed Capacity,High Population Demand,Penyakit pada sistem pernafasan (36331 cases),"Kecamatan Semampir memiliki Healthcare Gap Score sebesar 69.9 dan termasuk kategori Sangat Tinggi. Faktor kontributor utama adalah: 1. Workforce Shortage Gap (0.96), 2. Facility Capacity Gap (0.78), 3. High Demand Score (0.54). Indikator paling menonjol dalam model adalah Low Nakes Ratio, dengan sub-skor 0.96. Temuan ini menunjukkan adanya indikasi keterbatasan jumlah tenaga kesehatan medis, terutama perawat, dibandingkan dengan kepadatan penduduk setempat.",112.67999999999998,-7.250833333333332
Simokerto,0.3886539111170619,0.5907346538604668,0.5583281490165782,0.4330704646156655,,,49.20962922197074,Tinggi,23,0.75,COMPLETE,WORKFORCE_SHORTAGE,FACILITY_SHORTAGE,NO_DOMINANT_ROOT_CAUSE,MEDIUM,0.0324065048438885,Low Nakes Ratio,Low Faskes Ratio,High Service Pressure,Penyakit pada sistem pernafasan (15444 cases),"Kecamatan Simokerto memiliki Healthcare Gap Score sebesar 49.2 dan termasuk kategori Tinggi. Faktor kontributor utama adalah: 1. Workforce Shortage Gap (0.59), 2. Facility Capacity Gap (0.56), 3. Disease Burden Need (0.43). Indikator paling menonjol dalam model adalah Low Nakes Ratio, dengan sub-skor 0.59. Temuan ini menunjukkan adanya indikasi keterbatasan jumlah tenaga kesehatan medis, terutama perawat, dibandingkan dengan kepadatan penduduk setempat.",112.71999999999997,-7.250833333333332
Suko Manunggal,0.3948261301754178,0.8206792058814871,0.743448384353803,0.4109389249100609,,,59.55290626698443,Tinggi,13,0.75,COMPLETE,WORKFORCE_SHORTAGE,FACILITY_SHORTAGE,SINGLE_FACTOR,MEDIUM,0.0772308215276841,Low Midwife Ratio,Low Bed Capacity,High Service Pressure,Penyakit pada sistem pernafasan (14969 cases),"Kecamatan Suko Manunggal memiliki Healthcare Gap Score sebesar 59.6 dan termasuk kategori Tinggi. Faktor kontributor utama adalah: 1. Workforce Shortage Gap (0.82), 2. Facility Capacity Gap (0.74), 3. Disease Burden Need (0.41). Indikator paling menonjol dalam model adalah Low Midwife Ratio, dengan sub-skor 0.82. Temuan ini menunjukkan adanya indikasi keterbatasan jumlah tenaga kesehatan medis, terutama perawat, dibandingkan dengan kepadatan penduduk setempat.",112.75999999999999,-7.250833333333332
Sukolilo,0.4344073595454221,0.498847096240618,0.5616689635175418,0.4999937985379787,,,49.23088891469161,Tinggi,22,0.75,COMPLETE,FACILITY_SHORTAGE,DISEASE_BURDEN,NO_DOMINANT_ROOT_CAUSE,MEDIUM,0.0616751649795631,Low Nurse Ratio,Low Bed Capacity,High Disease Burden,Penyakit pada sistem pernafasan (17373 cases),"Kecamatan Sukolilo memiliki Healthcare Gap Score sebesar 49.2 dan termasuk kategori Tinggi. Faktor kontributor utama adalah: 1. Facility Capacity Gap (0.56), 2. Disease Burden Need (0.50), 3. Workforce Shortage Gap (0.50). Indikator paling menonjol dalam model adalah Low Bed Capacity, dengan sub-skor 0.56. Temuan ini menunjukkan adanya indikasi kurangnya ketersediaan fasilitas pelayanan kesehatan tingkat pertama (Puskesmas/Pustu) atau kapasitas tempat tidur rawat inap.",112.80000000000001,-7.250833333333332
Tambaksari,0.3206309445288489,0.9144242951942264,0.8293517964248839,0.0,,,53.63869312018994,Tinggi,16,0.75,COMPLETE,WORKFORCE_SHORTAGE,FACILITY_SHORTAGE,MULTI_FACTOR,MEDIUM,0.0850724987693425,Low Midwife Ratio,Low Puskesmas Ratio,High Population Demand,Penyakit pada sistem pernafasan (14845 cases),"Kecamatan Tambaksari memiliki Healthcare Gap Score sebesar 53.6 dan termasuk kategori Tinggi. Faktor kontributor utama adalah: 1. Workforce Shortage Gap (0.91), 2. Facility Capacity Gap (0.83), 3. High Demand Score (0.32). Indikator paling menonjol dalam model adalah Low Midwife Ratio, dengan sub-skor 0.91. Temuan ini menunjukkan adanya indikasi keterbatasan jumlah tenaga kesehatan medis, terutama perawat, dibandingkan dengan kepadatan penduduk setempat.",112.59999999999998,-7.2225
Tandes,0.5672533560599609,0.9239895873950564,0.7249453069755956,0.6152163725782765,,,71.54052189472796,Sangat Tinggi,3,0.75,COMPLETE,WORKFORCE_SHORTAGE,FACILITY_SHORTAGE,SINGLE_FACTOR,HIGH,0.1990442804194608,Low Nurse Ratio,Low Bed Capacity,High Service Pressure,Penyakit pada sistem pernafasan (14979 cases),"Kecamatan Tandes memiliki Healthcare Gap Score sebesar 71.5 dan termasuk kategori Sangat Tinggi. Faktor kontributor utama adalah: 1. Workforce Shortage Gap (0.92), 2. Facility Capacity Gap (0.72), 3. Disease Burden Need (0.62). Indikator paling menonjol dalam model adalah Low Nurse Ratio, dengan sub-skor 0.92. Temuan ini menunjukkan adanya indikasi keterbatasan jumlah tenaga kesehatan medis, terutama perawat, dibandingkan dengan kepadatan penduduk setempat.",112.64,-7.222499999999999
Tegalsari,0.3576770430288757,0.7916221662310087,0.6451811741426409,0.3145813663649283,,,53.67422708794791,Tinggi,15,0.75,COMPLETE,WORKFORCE_SHORTAGE,FACILITY_SHORTAGE,NO_DOMINANT_ROOT_CAUSE,MEDIUM,0.1464409920883678,Low Midwife Ratio,Low Bed Capacity,High Service Pressure,Penyakit pada sistem pernafasan (12548 cases),"Kecamatan Tegalsari memiliki Healthcare Gap Score sebesar 53.7 dan termasuk kategori Tinggi. Faktor kontributor utama adalah: 1. Workforce Shortage Gap (0.79), 2. Facility Capacity Gap (0.65), 3. High Demand Score (0.36). Indikator paling menonjol dalam model adalah Low Midwife Ratio, dengan sub-skor 0.79. Temuan ini menunjukkan adanya indikasi keterbatasan jumlah tenaga kesehatan medis, terutama perawat, dibandingkan dengan kepadatan penduduk setempat.",112.67999999999998,-7.222499999999999
Tenggilis Mejoyo,0.2202218128184301,0.6143170957596045,0.726898474520542,0.269528283709164,,,44.96470242193516,Tinggi,26,0.75,COMPLETE,FACILITY_SHORTAGE,WORKFORCE_SHORTAGE,NO_DOMINANT_ROOT_CAUSE,MEDIUM,0.1125813787609375,Low Nurse Ratio,Low Bed Capacity,High Service Pressure,Penyakit pada sistem pernafasan (7490 cases),"Kecamatan Tenggilis Mejoyo memiliki Healthcare Gap Score sebesar 45.0 dan termasuk kategori Tinggi. Faktor kontributor utama adalah: 1. Facility Capacity Gap (0.73), 2. Workforce Shortage Gap (0.61), 3. Disease Burden Need (0.27). Indikator paling menonjol dalam model adalah Low Bed Capacity, dengan sub-skor 0.73. Temuan ini menunjukkan adanya indikasi kurangnya ketersediaan fasilitas pelayanan kesehatan tingkat pertama (Puskesmas/Pustu) atau kapasitas tempat tidur rawat inap.",112.71999999999997,-7.222499999999999
Wiyung,0.4876610966349888,0.4864463915844286,0.596872218902089,0.5156932267910367,,,51.47453356044503,Tinggi,18,0.75,COMPLETE,FACILITY_SHORTAGE,DISEASE_BURDEN,NO_DOMINANT_ROOT_CAUSE,MEDIUM,0.0811789921110522,Low Nakes Ratio,Low Bed Capacity,High Service Pressure,Faktor-faktor yang mempengaruhi status kesehatan dan hubungannya dengan jasa kesehatan (15180 cases),"Kecamatan Wiyung memiliki Healthcare Gap Score sebesar 51.5 dan termasuk kategori Tinggi. Faktor kontributor utama adalah: 1. Facility Capacity Gap (0.60), 2. Disease Burden Need (0.52), 3. High Demand Score (0.49). Indikator paling menonjol dalam model adalah Low Bed Capacity, dengan sub-skor 0.60. Temuan ini menunjukkan adanya indikasi kurangnya ketersediaan fasilitas pelayanan kesehatan tingkat pertama (Puskesmas/Pustu) atau kapasitas tempat tidur rawat inap.",112.75999999999999,-7.2225
Wonocolo,0.6703267673588551,0.680698068342088,0.4822360296005303,0.703490971254408,,,64.24528508812706,Sangat Tinggi,9,0.75,COMPLETE,DISEASE_BURDEN,WORKFORCE_SHORTAGE,NO_DOMINANT_ROOT_CAUSE,MEDIUM,0.0227929029123199,Low Nurse Ratio,Low Bed Capacity,High Service Pressure,Penyakit pada sistem pernafasan (18158 cases),"Kecamatan Wonocolo memiliki Healthcare Gap Score sebesar 64.2 dan termasuk kategori Sangat Tinggi. Faktor kontributor utama adalah: 1. Disease Burden Need (0.70), 2. Workforce Shortage Gap (0.68), 3. High Demand Score (0.67). Indikator paling menonjol dalam model adalah High caseload of Penyakit pada sistem pernafasan, dengan sub-skor 0.70. Temuan ini menunjukkan adanya indikasi besarnya prevalensi kasus penyakit masyarakat (terutama ISPA) yang memerlukan intervensi preventif dan promotif.",112.80000000000001,-7.222499999999999
Wonokromo,0.5599074669253065,0.1339132093120406,0.6325290370808315,0.3915121082304355,,,41.29544319334576,Tinggi,28,0.75,COMPLETE,FACILITY_SHORTAGE,HIGH_DEMAND,NO_DOMINANT_ROOT_CAUSE,MEDIUM,0.072621570155525,Low Nakes Ratio,Low Puskesmas Ratio,High Service Pressure,Penyakit pada sistem pencernaan (19746 cases),"Kecamatan Wonokromo memiliki Healthcare Gap Score sebesar 41.3 dan termasuk kategori Tinggi. Faktor kontributor utama adalah: 1. Facility Capacity Gap (0.63), 2. High Demand Score (0.56), 3. Disease Burden Need (0.39). Indikator paling menonjol dalam model adalah Low Puskesmas Ratio, dengan sub-skor 0.63. Temuan ini menunjukkan adanya indikasi kurangnya ketersediaan fasilitas pelayanan kesehatan tingkat pertama (Puskesmas/Pustu) atau kapasitas tempat tidur rawat inap.",112.59999999999998,-7.194166666666666
