kecamatan,jumlah_penduduk,kepadatan_penduduk,jumlah_perawat,jumlah_bidan,jumlah_tenaga_medis,total_tenaga_kesehatan,jumlah_puskesmas,jumlah_pustu,total_faskes,total_kunjungan,service_pressure,total_kasus_penyakit,disease_burden,total_tempat_tidur,bed_ratio,workforce_ratio,facility_ratio,demand_score,workforce_gap,facility_gap,disease_need_score,accessibility_gap,healthcare_gap_score,priority_category
Asemrowo,48.8,3245,15,24,21,88.0,1,0.0,3,42515.0,871.2090163934427,42811,877.2745901639345,0.0,0.0,1.8032786885245902,6.147540983606558,0.027292576419213975,0.9915019096860878,1.0,0.6827682422162238,0.0,61.465041377518894,Sangat Tinggi
Benowo,74.9,2813,395,104,178,937.0,1,0.0,17,53150.0,709.6128170894525,46660,622.9639519359145,264.0,3.5246995994659542,12.510013351134846,22.696929238985312,0.16975982532751097,0.7862632197434947,0.7871534842727812,0.3679134903898293,0.0,44.081519478302816,Tinggi
Bubutan,96.7,24860,47,70,60,295.0,2,0.0,18,79779.0,825.0155118924508,61743,638.5005170630817,36.0,0.37228541882109617,3.050672182006205,18.61427094105481,0.2887554585152839,0.9675904731452044,0.8396617450138932,0.3871488687893865,0.0,55.503528001012825,Tinggi
Bulak,47.8,7667,80,23,44,267.0,1,0.0,10,34306.0,717.6987447698746,25988,543.6820083682009,0.0,0.0,5.585774058577406,20.92050209205021,0.02183406113537118,0.9189947990751761,0.8100006326285817,0.26975677606494536,0.0,42.55035887135854,Tinggi
Dukuh Pakis,59.3,5784,252,81,336,1132.0,1,0.0,46,55207.0,930.9780775716695,24039,405.37942664418216,111.0,1.8718381112984823,19.0893760539629,77.57166947723441,0.08460698689956332,0.6601426214156771,0.08139342348313727,0.09852829207749217,0.0,27.98887560770082,Sedang
Gayungan,43.8,7444,523,116,388,1404.0,1,0.0,29,47364.0,1081.3698630136987,37028,845.3881278538813,346.0,7.899543378995435,32.05479452054795,66.21004566210046,0.0,0.41160694882335025,0.2275185856182803,0.6432905221837185,0.0,40.33135512741987,Tinggi
Genteng,58.2,14339,731,104,530,1887.0,2,0.0,38,70385.0,1209.364261168385,65970,1133.505154639175,253.0,4.347079037800687,32.42268041237113,65.29209621993127,0.07860262008733628,0.40455489972851033,0.23932460148813905,1.0,0.0,53.54769018444945,Tinggi
Gubeng,132.4,16757,2738,284,1884,7087.0,2,0.0,90,108091.0,816.3972809667673,104995,793.0135951661631,675.0,5.098187311178248,53.527190332326285,67.97583081570997,0.4836244541484717,0.0,0.20480830704671538,0.5784471062483251,0.0,30.880718866816125,Sedang
Gunung Anyar,62.3,6142,40,24,63,197.0,1,0.0,24,40850.0,655.6982343499197,35390,568.0577849117175,2.0,0.03210272873194222,3.1621187800963084,38.52327447833066,0.1009825327510917,0.9654541398455245,0.5836062359449838,0.2999357301490571,0.0,38.99957277381315,Sedang
Jambangan,54.2,13222,52,58,68,245.0,1,0.0,16,48729.0,899.0590405904059,22718,419.1512915129151,38.0,0.7011070110701106,4.520295202952029,29.520295202952028,0.0567685589519651,0.9394190919507384,0.6993961817942449,0.11557884539152101,0.0,44.61769366639955,Tinggi
Karang Pilang,75.5,8041,26,34,68,194.0,1,0.0,17,57768.0,765.1390728476821,53895,713.841059602649,9.0,0.11920529801324503,2.5695364238410594,22.516556291390728,0.17303493449781662,0.9768134226066489,0.7894733134310873,0.48042584685466255,0.0,52.169981249296825,Tinggi
Kenjeran,185.3,21774,47,58,57,252.0,4,0.0,22,202317.0,1091.834862385321,146591,791.1009174311926,23.0,0.12412304371289799,1.359956826767404,11.872638963842418,0.7723799126637555,1.0,0.9263678428177494,0.5760790744673342,0.0,80.54054823764906,Kritis
Krembangan,114.9,13357,231,62,209,669.0,3,0.0,22,127170.0,1106.7885117493472,98813,859.9912967798085,30.0,0.2610966057441253,5.822454308093994,19.147084421235856,0.3881004366812228,0.9144578467851651,0.8328090752330528,0.6613702893538563,0.0,71.49457285938013,Sangat Tinggi
Lakarsantri,65.0,3440,40,34,77,237.0,3,0.0,30,77984.0,1199.753846153846,58965,907.1538461538462,25.0,0.38461538461538464,3.646153846153846,46.15384615384615,0.11572052401746727,0.9561756132009027,0.48546722505964723,0.719760897321064,0.0,64.30903317244355,Sangat Tinggi
Mulyorejo,88.2,5079,1220,181,893,3122.0,2,0.0,74,67353.0,763.6394557823129,53760,609.5238095238095,550.0,6.235827664399093,35.3968253968254,83.90022675736961,0.24235807860262013,0.34754315529438484,0.0,0.3512736331932913,0.0,22.546800745228428,Sedang
Pabean Cantian,73.9,13491,776,142,511,1931.0,1,0.0,32,62895.0,851.082543978349,33621,454.9526387009472,460.0,6.2246278755074425,26.129905277401893,43.301759133964815,0.1643013100436682,0.5251818663530428,0.5221487491960617,0.15990347279397957,0.0,34.170256171481526,Sedang
Pakal,64.5,3474,150,56,118,454.0,1,0.0,9,46998.0,728.6511627906976,28599,443.3953488372093,144.0,2.2325581395348837,7.038759689922481,13.953488372093023,0.11299126637554588,0.891142342011486,0.899605430850332,0.1455947216650936,0.0,43.50309927874328,Tinggi
Rungkut,123.7,5397,330,127,259,1029.0,2,0.0,62,114949.0,929.2562651576394,95826,774.6645109135004,146.0,1.1802748585286984,8.318512530315278,50.121261115602266,0.43613537117903933,0.8666106052411927,0.43444114252276744,0.5557296280929925,0.0,55.294392209887235,Tinggi
Sambikerep,69.1,4023,373,101,412,1227.0,2,0.0,30,53769.0,778.1331403762664,41374,598.7554269175109,64.0,0.9261939218523879,17.75687409551375,43.41534008683068,0.1381004366812227,0.6856855124012067,0.5206879513890721,0.3379416056512982,0.0,37.87155585060565,Sedang
Sawahan,198.5,27648,266,74,271,992.0,4,0.0,44,185816.0,936.1007556675063,122544,617.3501259445844,119.0,0.5994962216624685,4.997481108312343,22.16624685138539,0.8444323144104804,0.9302718576947859,0.793978745449534,0.36096317245734877,0.0,68.26507158783755,Sangat Tinggi
Semampir,183.3,20254,225,77,147,652.0,4,0.0,27,166534.0,908.532460447354,128354,700.2400436442989,100.0,0.5455537370430987,3.5570103655210037,14.729950900163665,0.7614628820960699,0.9578844153481997,0.8896191195050247,0.46358681670637,0.0,70.1722790714503,Sangat Tinggi
Simokerto,92.1,35271,765,163,315,1678.0,2,0.0,21,84372.0,916.0912052117264,62222,675.5917480998914,2109.0,22.899022801302934,18.219326818675356,22.801302931596094,0.263646288209607,0.676820700294344,0.7858111037289827,0.4330704646156655,0.0,52.16891540044599,Tinggi
Suko Manunggal,104.2,11237,436,65,368,1178.0,2,0.0,29,94399.0,905.940499040307,68534,657.7159309021113,220.0,2.111324376199616,11.30518234165067,27.83109404990403,0.32969432314410485,0.8093587708877927,0.7211214911676479,0.4109389249100609,0.0,54.05407799015053,Tinggi
Sukolilo,115.9,3845,1107,199,1040,3199.0,3,0.0,58,103941.0,896.816220880069,84566,729.646246764452,711.0,6.134598792062122,27.601380500431404,50.04314063848144,0.3935589519650656,0.49697498007311924,0.43544587279469826,0.49999379853797876,0.0,44.83654878714268,Tinggi
Tambaksari,227.0,25309,425,103,629,1554.0,3,0.0,49,155632.0,685.6035242290749,73956,325.7973568281938,288.0,1.2687224669603525,6.845814977973569,21.58590308370044,1.0,0.8948409224993387,0.8014427161395443,0.0,0.0,54.95721999922011,Tinggi
Tandes,91.8,9234,118,67,74,374.0,2,0.0,27,100657.0,1096.4814814814815,75525,822.7124183006537,76.0,0.8278867102396514,4.074074074074074,29.411764705882355,0.26200873362445415,0.9479727586662716,0.7007920242142156,0.6152163725782765,0.0,65.72408899162144,Sangat Tinggi
Tegalsari,97.5,22624,419,69,480,1354.0,2,0.0,48,88715.0,909.8974358974359,56539,579.8871794871795,247.0,2.533333333333333,13.887179487179488,49.23076923076923,0.29312227074235814,0.7598641557429493,0.4458940187285373,0.31458136636492834,0.0,45.037533826409955,Tinggi
Tenggilis Mejoyo,58.9,10143,437,84,414,1247.0,1,0.0,24,48408.0,821.867572156197,32012,543.4974533106961,36.0,0.6112054329371817,21.171477079796265,40.74702886247878,0.08242358078602621,0.6202305753683917,0.5550058813460628,0.26952828370916404,0.0,36.27557909768655,Sedang
Wiyung,76.5,6179,761,158,509,1866.0,2,0.0,31,81144.0,1060.7058823529412,56788,742.3267973856209,462.0,6.03921568627451,24.392156862745097,40.52287581699346,0.1784934497816594,0.5584929756046311,0.5578887791296523,0.5156932267910367,0.0,50.181623309298594,Tinggi
Wonocolo,80.0,12256,474,105,338,1406.0,3,0.0,39,98841.0,1235.5125,71521,894.0125,295.0,3.6875,17.575,48.75,0.1975982532751092,0.6891718789054677,0.45207733221777324,0.703490971254408,0.0,60.84676871305517,Sangat Tinggi
Wonokromo,153.6,18591,2884,414,1465,6286.0,3,0.0,59,159194.0,1036.4192708333335,98615,642.0247395833334,1503.0,9.78515625,40.92447916666667,38.411458333333336,0.5993449781659389,0.24158289253189325,0.5850443360425506,0.3915121082304355,0.0,49.48220334973607,Tinggi
